property_type,n_rooms,dist_centre_km,outdoor_space,near_underground,intercept,beta_prop,beta_room,beta_dist,beta_outdoor,beta_under,premium,monthly_rent_gbp,listing_type
Flat,4,2.1912215353974536,Nothing,0,7.514901424590337,0.0,0.16035232293185747,-0.055013542409505636,0.0,0.0,0.0,3279.993703463072,Owner
House,5,7.5754739216322715,Nothing,0,7.495852070964864,0.24795941511514152,0.1545790362192442,-0.04559858940700032,0.0,0.0,0.0,3492.78853892974,Owner
Flat,5,4.149337359383612,Nothing,1,7.519430656143021,0.0,0.13981782892457362,-0.013804731004749299,0.0,0.13601241723833277,0.0,4563.1055149842905,Owner
Flat,4,1.5133859130711893,Garden,0,7.545690895692241,0.0,0.25839145774829614,-0.07450807012961708,0.1520803301110875,0.0,0.0,5385.456495574479,Owner
Flat,2,5.9364490355723625,Nothing,0,7.4929753987583,0.0,0.1571305748372179,-0.038939800733812965,0.0,0.0,0.0,2033.3737279457073,Owner
Flat,7,4.189604160774717,Terrace,0,7.4929758912915245,0.0,0.12763225536918368,-0.061800164369820824,0.0872729099980587,0.0,0.0,3514.4192680358037,Owner
Flat,4,7.95415081360898,Garden,0,7.547376384465222,0.0,0.10224689448654753,-0.04913765531195548,0.13359959746238204,0.0,0.0,2030.4779345831698,Owner
House,3,6.64060249869231,Terrace,1,7.523023041874588,0.21108926576594284,0.11444726219932738,-0.011646444121781042,0.10988526206719028,0.12156859931995201,0.0,3653.754917334746,Owner
Flat,1,4.709426506615993,Balcony,0,7.485915768421951,0.0,0.12871654760728107,-0.044267027959402905,0.06307926168500139,0.0,0.0,1785.089766007601,Owner
Flat,4,3.3488886813008123,Terrace,0,7.516276801307579,0.0,0.11594445772745268,-0.048606903555315537,0.12251737502565296,0.0,0.0,2790.38058185126,Owner
Flat,4,0.7146319423761691,Nothing,0,7.486097469215626,0.0,0.12042547363175854,-0.09079568422939757,0.0,0.0,0.0,2763.4383064501335,Owner
House,4,1.5145404636634514,Terrace,0,7.486028107392892,0.16619697593270585,0.13314644854042207,-0.027612393019183383,0.06609791982878926,0.0,0.0,3567.7190353036335,Owner
House,1,2.7158787331419076,Nothing,1,7.507258868146981,0.16418224980802834,0.11822522034176654,-0.03063547456576774,0.0,0.09031960483473593,0.0,2669.4023373860177,Owner
Flat,2,4.572702409857453,Terrace,0,7.442601592660266,0.0,0.1973281280638791,0.0148976416991638,0.1377144765058772,0.0,0.0,3280.076490045452,Owner
Flat,8,3.604728573631553,Garden,0,7.448252465024609,0.0,0.09511008290400888,-0.059233347048590027,0.17456332931264582,0.0,0.0,3250.8439809787847,Owner
Flat,7,1.6996828341644223,Garden,0,7.483131374122771,0.0,0.1515079550865827,-0.043425490170081835,0.19613795755237656,0.0,0.0,6372.075983586431,Owner
Flat,3,0.03242671116690151,Terrace,0,7.469615066389967,0.0,0.1440754939169342,-0.04251848948867735,0.0780713117285358,0.0,0.0,3059.548834809566,Owner
Flat,3,3.4282688510986774,Balcony,0,7.509427419977858,0.0,0.2503648495636792,-0.0026764016070957714,0.025038160854504304,0.0,0.0,3896.5042451182558,Owner
Flat,2,1.6817431412409147,Garden,1,7.472759277734363,0.0,0.10512714160050715,-0.05285886597160856,0.18052984400530506,0.08069445308859571,0.0,2424.5060162648106,Owner
Flat,1,6.63274216899862,Terrace,1,7.457630888959941,0.0,0.14314443073681324,-0.04162935422688983,0.15545826499889234,0.12783520384243713,0.0,2275.4239224821918,Owner
Flat,5,0.12118819004625181,Balcony,1,7.543969463067647,0.0,0.23387737450700302,-0.031763104708503825,0.07522203446388648,0.10171039374691254,0.0,7041.366489503972,Owner
Flat,3,4.395309661438342,Garden,1,7.493226710985404,0.0,0.18939290644224627,-0.04440172630530926,0.1602176764920149,0.10805776836589771,0.0,2987.691536348169,Owner
Flat,6,14.191441185867115,Terrace,0,7.502025846140637,0.0,0.180165475604287,-0.06339300843651585,0.10294202618616834,0.0,0.0,2636.898197961812,Owner
Flat,6,0.9582805450842118,Garden,0,7.457257554413596,0.0,0.13013924328576926,-0.044177300213050774,0.11020583615066751,0.0,0.0,4094.3266076748328,Owner
Flat,2,3.1899768612348387,Nothing,1,7.483668518264245,0.0,0.11779193574675734,-0.01779104750420684,0.0,0.11614888237148899,0.0,2413.012483906167,Owner
House,2,0.47937265009403307,Nothing,1,7.503327677691296,0.22243730768352601,0.16234237254365513,-0.08079545898233181,0.0,0.13217522011929406,0.0,3719.6568488562993,Owner
Flat,3,4.913246705322382,Nothing,1,7.465470192677331,0.0,0.20871713743200032,-0.046010909775593724,0.0,0.08905141811371345,0.0,2688.997526319279,Owner
Flat,6,3.998449535949602,Garden,0,7.511270940550371,0.0,0.15361509724034392,-0.0710036244481752,0.14869569150558412,0.0,0.0,4037.214811144934,Owner
Flat,3,2.615887341856334,Nothing,0,7.481980839302436,0.0,0.15463741142695922,-0.014148601132254732,0.0,0.0,0.0,2558.9961216743286,Owner
Flat,3,3.684210463478995,Nothing,1,7.4912491875062015,0.0,0.13260320509381396,-0.09569560714351324,0.0,0.04100930231871996,0.0,2211.654664263314,Owner
Flat,4,11.344526322154412,Nothing,1,7.481948801633118,0.0,0.1732297973355643,-0.06676765541814765,0.0,0.16168621389820967,0.0,1709.678781295235,Owner
Flat,3,1.0926106223277317,Garden,1,7.555568345535268,0.0,0.12050203321727848,-0.03868364374806438,0.14813426949002068,0.06690374902834952,0.0,3313.212875595484,Owner
Flat,7,0.11411492965000414,Nothing,0,7.499595083257862,0.0,0.13695434747662358,-0.003034279122969795,0.0,0.0,0.0,4545.484268297791,Owner
House,3,9.890380829046354,Nothing,0,7.468268672131323,0.2587504236266178,0.1451552237393373,-0.05197250783218964,0.0,0.0,0.0,1657.5454710394959,Owner
House,3,4.303299643822846,Terrace,0,7.524676347363096,0.1631135121664275,0.15046013346254258,-0.06665598580079596,0.1260746377749069,0.0,0.0,2921.7797331578804,Owner
House,3,11.066394298015023,Nothing,1,7.46337469050087,0.21490097669709565,0.1282806391558259,0.006434712083217699,0.0,0.12447211637617892,0.0,3791.6270083625095,Owner
Flat,6,4.543414021101691,Terrace,0,7.506265907850143,0.0,0.10586712321048589,-0.09344041701248731,0.07332277515315028,0.0,0.0,2441.516453591719,Owner
Flat,5,8.30789704168021,Terrace,0,7.441209896283607,0.0,0.15750157430608233,-0.11596417869860245,0.1286590167471326,0.0,0.0,1768.5156713738963,Owner
Flat,9,2.807730177683868,Garden,1,7.4601544185330475,0.0,0.13351618228192225,-0.036799566498400035,0.15675923766122823,0.09498634858640766,0.0,6413.291368084244,Owner
Flat,4,6.928671215841588,Nothing,0,7.505905837076074,0.0,0.15531917663197495,-0.06506162673057833,0.0,0.0,0.0,2056.086766151122,Owner
Flat,3,12.2116195243503,Garden,1,7.522153997399863,0.0,0.11474091085867379,-0.0806369845139214,0.14605582212984997,0.0925392662144936,0.0,1246.0687963919306,Owner
Flat,4,4.244597115474032,Terrace,0,7.505141048435699,0.0,0.14884651203958618,-0.028749306581019405,0.09311354033918959,0.0,0.0,3158.478824642004,Owner
Flat,2,0.9970444905313678,Garden,1,7.496530551528353,0.0,0.15202200202707397,-0.042685978586864036,0.13689707288285347,0.11472924854914754,0.0,3001.0792824833334,Owner
House,5,1.5653249856366385,Terrace,0,7.490966889132321,0.20293949460412689,0.0819970897936735,-0.06692235892210185,0.08822586681817382,0.0,0.0,3694.3527681667683,Owner
Flat,4,1.1072535305364735,Garden,1,7.455644340288977,0.0,0.1381289967983182,-0.08840913196012684,0.20248751712616261,0.11988643806002239,0.0,3702.4117160794485,Owner
Flat,6,1.4175009940727592,Nothing,1,7.478404673748159,0.0,0.11058964581358756,-0.023826280151595665,0.0,0.13520421572455976,0.0,3760.610548552395,Owner
Flat,3,1.8294106395736867,Nothing,0,7.486180836871206,0.0,0.08803382692728337,-0.030493964661240176,0.0,0.0,0.0,2323.800616621599,Owner
Flat,1,4.049908432038345,Garden,0,7.531713666786567,0.0,0.26724162392506134,-0.05297527591338149,0.17069123415735582,0.0,0.0,2728.3233435669945,Owner
Flat,3,4.433558065018187,Garden,0,7.510308548687054,0.0,0.13683125223640277,0.00539910988142997,0.13491075688345971,0.0,0.0,3357.140124082497,Owner
Flat,4,2.7799845084185435,Garden,0,7.447108795339118,0.0,0.1790077029962986,-0.08210254298978459,0.15790461645993178,0.0,0.0,3260.2735138461267,Owner
House,5,4.778027384912371,Nothing,1,7.509722519081844,0.2113130118170656,0.12975735767638466,-0.09576575512774216,0.0,0.0841414995475073,0.0,3015.400691793097,Owner
House,2,0.4254747576855111,Terrace,0,7.488447531587511,0.19912211558945067,0.16352982511381217,-0.07075724209643733,0.010265920872978312,0.0,0.0,3160.604631466532,Owner
House,1,0.4594155982650752,Terrace,0,7.479692339990821,0.23378150752316507,0.1720475712680479,-0.051367580490664935,0.09439311525514046,0.0,0.0,2909.849983408681,Owner
House,5,0.9426809002664526,Garden,0,7.518350288665226,0.19845818829234543,0.15636898240827582,-0.04269981652031925,0.1292837684305122,0.0,0.0,5139.318877861131,Owner
Flat,4,3.649859810873943,Nothing,1,7.530929985674878,0.0,0.1482441773457173,-0.0572370817356899,0.0,0.10926499037796891,0.0,3095.000260589478,Owner
House,4,1.203958582359604,Nothing,1,7.5279384035734855,0.23785764502141976,0.14418087136947488,-0.0394383381045711,0.0,0.15106644833905714,0.0,4947.615855316225,Owner
Flat,2,1.6653808733135569,Nothing,0,7.474823474303321,0.0,0.1392025887828653,-0.08754618272571332,0.0,0.0,0.0,2048.167995775645,Owner
Flat,4,2.5567357668028374,Nothing,0,7.490723628724464,0.0,0.20878226602982503,-0.006687061877802221,0.0,0.0,0.0,3905.1419374587826,Owner
Flat,5,8.353007316259138,Garden,0,7.509937902942107,0.0,0.18247379671745556,-0.052464535351777065,0.1704615619713786,0.0,0.0,3558.665617128697,Owner
Flat,5,0.06979556282118814,Garden,0,7.529266353813671,0.0,0.22980087626567236,-0.016481125052356174,0.1946173846600778,0.0,0.0,6720.752186880757,Owner
Flat,2,5.240244491350255,Garden,0,7.485624772864641,0.0,0.10824202687923029,-0.03971823960866888,0.1325984027588987,0.0,0.0,2035.5857093143716,Owner
Flat,6,5.526319775775111,Garden,0,7.494430230700085,0.0,0.16858212548701687,-0.03629740342538648,0.15718213501606132,0.0,0.0,4662.713757366396,Owner
House,7,8.013696500504556,Garden,0,7.466809950779819,0.23168170427198156,0.21278940254103884,-0.03290698159303389,0.16499055330908802,0.0,0.0,8693.424982818327,Owner
Flat,1,13.496909824771476,Garden,0,7.46411380127758,0.0,0.11955527288689169,-0.03656874319948056,0.16416006812757822,0.0,0.0,1491.8468369500617,Owner
Flat,5,0.10171689702263215,Balcony,0,7.524375774671826,0.0,0.08947613153524153,-0.030718317203973687,0.10087168633432596,0.0,0.0,3158.254778021751,Owner
Flat,3,0.8349014240557615,Nothing,0,7.540687200857125,0.0,0.1697473791788603,-0.010125424096027062,0.0,0.0,0.0,3007.2201515511724,Owner
Flat,3,10.865302700153755,Nothing,0,7.49783969635259,0.0,0.15483839890916173,-0.0441043649089559,0.0,0.0,0.0,1743.186327596377,Owner
House,4,3.0672324616451734,Nothing,1,7.530105986936761,0.21935646757850172,0.18452789882284595,-0.028729887272344636,0.0,0.074484386373721,0.0,4901.260371637555,Owner
Flat,2,4.157343152448335,Nothing,1,7.510849080751429,0.0,0.11176221359301007,-0.05269207082861681,0.0,0.08258429650585833,0.0,2011.4619269499774,Owner
House,1,5.4387653755107825,Garden,0,7.480646407361847,0.20268742043765747,0.17678708791415768,-0.006796483536515824,0.17661872511800225,0.0,0.0,3084.0351641562866,Owner
House,4,5.6826083401094865,Nothing,0,7.510841868165253,0.19407984739078024,0.12275438834110161,-0.07029176906177809,0.0,0.0,0.0,2351.93701831281,Owner
Flat,4,13.422186220273499,Garden,1,7.5461410969939795,0.0,0.11649474649056221,0.0040282129873244615,0.15113813506342805,0.11184014589468944,0.0,4050.834231686753,Owner
Flat,2,28.96211347018033,Nothing,1,7.4989252188267015,0.0,0.11660633209636745,-0.05120473851933031,0.0,0.06412350813894448,0.0,570.403299197916,Owner
House,3,6.36764097232243,Balcony,0,7.54693930967442,0.23401310290601196,0.17975868306012188,-0.09292325306354145,0.043440401676948924,0.0,0.0,2306.693380834529,Owner
Flat,5,1.6929207902268364,Nothing,0,7.421407646877308,0.0,0.1620319937536807,-0.046156867552676326,0.0,0.0,0.0,3531.244083243924,Owner
Flat,3,10.59101173847779,Garden,0,7.524657075131257,0.0,0.15141686327358297,-0.07043154972424642,0.2209161748385808,0.0,0.0,1663.2603141315371,Owner
House,2,0.2523677026024477,Garden,0,7.502611412047145,0.21967702329589284,0.14004725968436094,-0.024780693530338283,0.12642041902095053,0.0,0.0,3010.0697031377117,Owner
Flat,1,1.313847276415242,Nothing,0,7.491029779486024,0.0,0.19212166460203162,-0.06957871937907173,0.0,0.0,0.0,2070.569014464681,Owner
Flat,2,11.383890749635237,Garden,0,7.502752823296065,0.0,0.14273365725958614,-0.0633855029964434,0.15911455786814627,0.0,0.0,1170.9275068569027,Owner
Flat,4,1.4798584458301167,Nothing,0,7.440372932561973,0.0,0.18008806446864373,-0.10668622192836594,0.0,0.0,0.0,2794.939155692347,Owner
House,2,1.246481998352206,Nothing,0,7.493409843364875,0.23372338159958042,0.14610595728777853,-0.0635691895774723,0.0,0.0,0.0,2827.009092857204,Owner
Flat,3,0.7432268527692112,Nothing,0,7.510713377145352,0.0,0.1415246902831536,-0.1227163797988687,0.0,0.0,0.0,2737.121957293103,Owner
Flat,2,9.798941551541256,Nothing,0,7.544336821342245,0.0,0.14767281326304363,-0.09751708470457171,0.0,0.0,0.0,1077.4144775114635,Owner
Flat,6,3.466318528654564,Nothing,0,7.484451893451791,0.0,0.1348127032461092,-0.027187560315671083,0.0,0.0,0.0,3657.297194126707,Owner
Flat,2,5.618007723221529,Garden,0,7.475745191913204,0.0,0.1705089039713098,-0.026425995240475036,0.1318241753772332,0.0,0.0,2481.9615673156527,Owner
Flat,6,1.3660457880636798,Nothing,0,7.484947288692464,0.0,0.15016366905406953,-0.03723627314645106,0.0,0.0,0.0,4264.133718409806,Owner
Flat,2,7.094922978741559,Nothing,1,7.527462063531062,0.0,0.12699136928025923,-0.0790092842938764,0.0,0.15180891553700215,0.0,1624.3269682969842,Owner
Flat,1,7.135697299578956,Nothing,0,7.50986253328979,0.0,0.19815578006971915,-0.0514313406842594,0.0,0.0,0.0,1479.4152204383067,Owner
House,2,1.8741802064597282,Garden,1,7.484107193886989,0.2285937513612826,0.1420725340908272,-0.05010807617271706,0.13351328592274259,0.10674054177255658,0.0,3642.941791758617,Owner
Flat,4,2.6439520851583853,Nothing,1,7.5153980229934,0.0,0.15273405604853454,-0.08475094067577629,0.0,0.1279777249561927,0.0,3097.812861637156,Owner
Flat,4,1.1766517823414586,Nothing,0,7.502912326480441,0.0,0.2002904528444904,-0.004898050946985484,0.0,0.0,0.0,4019.4528922152663,Owner
Flat,6,18.766774861734074,Nothing,0,7.529059349715987,0.0,0.15856956369892156,-0.023679131282729863,0.0,0.0,0.0,3293.68661215368,Owner
House,3,5.186681659435815,Terrace,0,7.478938407183679,0.18075555214331146,0.10640082028523642,-0.05662892521488992,0.0660938882597823,0.0,0.0,2284.4167928507004,Owner
Flat,1,13.631876477177027,Garden,1,7.490170135602067,0.0,0.21352408510116788,-0.04919342483016408,0.09240980531407031,0.13787752310281548,0.0,1419.5582092537309,Owner
House,4,1.8076158425404136,Balcony,1,7.488236755406035,0.22401228575683046,0.15884789245124642,-0.04374851576157343,0.04018948047170687,0.0834442556232266,0.0,4249.391638703485,Owner
Flat,4,7.613799711270445,Nothing,1,7.456094551556037,0.0,0.13797721939237106,-0.11125204605272872,0.0,0.1767459785700476,0.0,1429.0997864374406,Owner
Flat,2,7.25915130024136,Nothing,0,7.508883608311938,0.0,0.11165463836613951,-0.05741532147561791,0.0,0.0,0.0,1677.9967359342556,Owner
Flat,5,5.882690535499076,Terrace,0,7.507831658165396,0.0,0.17660562645360964,-0.07045952743993396,0.09363373090296545,0.0,0.0,3075.957095278817,Owner
Flat,5,16.854161794382893,Garden,0,7.500153403699274,0.0,0.1582388498100872,-0.08004860029684746,0.11230479317162231,0.0,0.0,1131.879763382421,Owner
Flat,4,2.500708965940357,Terrace,0,7.492962385998745,0.0,0.15207800032467247,-0.05843300878657865,0.10232441555556589,0.0,0.0,3031.1991300080135,Owner
Flat,3,0.7004345865100579,Terrace,0,7.457538877738488,0.0,0.19650468449929498,0.003930595805485673,0.10773257620428253,0.0,0.0,3558.256920087443,Owner
Flat,3,5.5692722002376644,Nothing,0,7.487380640317039,0.0,0.17582528499408379,-0.030774714161989708,0.0,0.0,0.0,2435.774326692873,Owner
Flat,4,6.533901436091264,Nothing,1,7.489718564504197,0.0,0.11421393547435654,-0.06713536969348391,0.0,0.13072187577434388,0.0,2326.898952304166,Owner
Flat,4,4.279043230004657,Balcony,0,7.475931681923352,0.0,0.13582511652102433,-0.03282251655931524,0.03929980597460386,0.0,0.0,2747.8424163877253,Owner
House,3,1.1585122037602504,Terrace,0,7.49516142865002,0.17974465175076856,0.1290237312959878,-0.00801933690241994,0.04276577326367828,0.0,0.0,3345.8484611119015,Owner
Flat,4,3.51049506125729,Garden,0,7.512121525704436,0.0,0.17007662643925398,-0.02226098951261694,0.17904553981598584,0.0,0.0,3859.723615486941,Owner
Flat,3,1.8712112949002624,Nothing,1,7.556585577036316,0.0,0.06893715219217594,-0.048211088902394776,0.0,0.07545403349733079,0.0,2236.1487376501473,Owner
House,4,2.7884203958921567,Balcony,1,7.505237334384955,0.1907611541108288,0.1545169912747859,-0.06940810333116722,0.051535937056432564,0.09989876627767144,0.0,3586.3136990106805,Owner
Flat,3,5.181266928682797,Terrace,0,7.507726511721683,0.0,0.17232799605899501,-0.029053300591592307,0.11669659373601275,0.0,0.0,2770.990369328477,Owner
Flat,4,6.8366710840610665,Balcony,0,7.497766622527015,0.0,0.19201560491477976,-0.03819543843734752,0.008826033563476977,0.0,0.0,3091.0659276701517,Owner
Flat,3,1.3212907745905906,Nothing,0,7.442436863541029,0.0,0.13861324924230115,-0.023144203399168034,0.0,0.0,0.0,2595.4204081388148,Owner
Flat,1,2.59870423808171,Nothing,1,7.499204583736524,0.0,0.18085982348943172,-0.030944845949540917,0.0,0.12865915625711533,0.0,2098.521681479099,Owner
House,7,1.5678143550541637,Nothing,0,7.50180690629823,0.21977737005297215,0.1047479670624526,-0.01851341854041995,0.0,0.0,0.0,3911.3195633555238,Owner
House,2,1.107172649255106,Garden,0,7.573897263374558,0.22812710412879678,0.18541790329955224,-0.06605705634681704,0.11032626129769289,0.0,0.0,3611.945864856787,Owner
Flat,2,7.648219716832733,Balcony,0,7.494229171056566,0.0,0.10900258018008006,-0.010478178030970231,0.08662463896439143,0.0,0.0,2385.361764947647,Owner
House,3,11.998382485218567,Garden,0,7.509046420270009,0.1771182566430136,0.1431015472307486,-0.044072011859228016,0.16641794392133902,0.0,0.0,2161.401695808818,Owner
House,2,2.3120203811650066,Nothing,1,7.498958646908843,0.17692572950638108,0.17708574548299633,0.01225782617875796,0.0,0.07849533038191586,0.0,3419.3463538756487,Owner
Flat,4,6.95711594296932,Garden,0,7.464939658871414,0.0,0.11386429679281268,-0.07067563454268704,0.14235132619338906,0.0,0.0,1822.4882674594878,Owner
House,4,11.364902787360888,Terrace,0,7.534284684435451,0.22488424525795248,0.12660633296311902,0.0020789140949574736,0.08249202020961986,0.0,0.0,4050.0958299459053,Owner
Flat,6,9.35804781949586,Nothing,0,7.522557990980603,0.0,0.1676368775125488,-0.04406267649612057,0.0,0.0,0.0,4016.9965246451147,Owner
House,3,1.0094389980158063,Nothing,0,7.523730958411291,0.19206455476068168,0.16739846974295247,-0.06954254010843346,0.0,0.0,0.0,3682.629841170098,Owner
House,3,15.651107082044257,Terrace,1,7.472718376356158,0.1398841290677974,0.15995091084532337,-0.06451657502162965,0.015035332056682948,0.11892435053664333,0.0,1312.8959061681348,Owner
Flat,3,2.363447688789533,Terrace,0,7.542083829328083,0.0,0.16472563585583014,-0.059610419245829604,0.08646523424773005,0.0,0.0,3284.512026269189,Owner
Flat,4,2.071827959610007,Garden,1,7.4579444681162315,0.0,0.1526796576190708,-0.03727502160794251,0.12445780697219058,0.15562277699002564,0.0,4004.346695863094,Owner
Flat,8,0.3223263645829332,Nothing,1,7.517605712814008,0.0,0.12942069857155833,-0.03431493535893501,0.0,0.1366310108657606,0.0,5664.411261601902,Owner
Flat,1,3.329349595318489,Nothing,0,7.5657136687743,0.0,0.1389285497676322,-0.06721100011815737,0.0,0.0,0.0,1836.0015144892607,Owner
House,5,0.5771306646551917,Garden,0,7.47028391024608,0.24081975787515952,0.1196155738495977,-0.05073063776782949,0.16102444996422913,0.0,0.0,4386.7173294741515,Owner
House,3,1.4286852989288443,Terrace,0,7.483011068111916,0.16073538802642665,0.20093186876291116,0.014268110758355906,0.13461702202767242,0.0,0.0,4558.1304289060035,Owner
Flat,3,1.9058820690720644,Nothing,1,7.502989540952629,0.0,0.1554738562222996,0.0018262951030213331,0.0,0.08883379671786841,0.0,3058.12256669284,Owner
Flat,8,8.272864815043215,Nothing,0,7.484895730376514,0.0,0.14336948185377077,-0.03691028990977904,0.0,0.0,0.0,3931.5605953139902,Owner
Flat,6,10.416792028767937,Garden,0,7.453480097068016,0.0,0.147629080637428,-0.048859895654953994,0.16260283471355524,0.0,0.0,3260.2301600960423,Owner
Flat,3,1.8010223803736893,Terrace,0,7.502056889244181,0.0,0.21749029669311792,-0.04639906019845216,0.11347656163855104,0.0,0.0,3041.6367187037013,Owner
Flat,1,9.78428346581652,Garden,1,7.468130888588217,0.0,0.11454371825576146,-0.031594460818087505,0.21169630694488623,0.08533451734641179,0.0,1922.3535361853867,Owner
Flat,3,9.732634503980556,Garden,0,7.514207772919056,0.0,0.15567892285645826,-0.08068377695595216,0.11607334694022253,0.0,0.0,1382.5033015370714,Owner
House,4,7.233427746598924,Nothing,0,7.472417272972986,0.22421367789911933,0.15035541780699696,-0.057721296122700355,0.0,0.0,0.0,2775.154449118923,Owner
Flat,3,0.7931918373443041,Nothing,0,7.546498032150526,0.0,0.15756591412329382,-0.10005752221632769,0.0,0.0,0.0,2748.3428021340724,Owner
Flat,5,5.861124828976646,Nothing,0,7.476502401229913,0.0,0.050455989709838736,-0.03802330632184163,0.0,0.0,0.0,1881.9210438415332,Owner
Flat,4,14.504298636628972,Garden,1,7.49033815451383,0.0,0.19090639025942252,-0.030584121808917772,0.12243940465541717,0.09557192241103994,0.0,3208.0681005847496,Owner
Flat,3,5.737024804786159,Nothing,0,7.52440551652109,0.0,0.20990524068393923,-0.06449559386898122,0.0,0.0,0.0,2186.715236918714,Owner
House,7,2.0144684534963284,Terrace,1,7.463074070506981,0.2827898011673323,0.15418704850150358,-0.0027803971012990217,0.11340617502408094,0.05215890798199614,0.0,7651.218299173983,Owner
House,1,3.47153243578947,Balcony,0,7.506823798038124,0.21177247901536303,0.1649917067989804,-0.08677296989007025,0.07036840963286699,0.0,0.0,1923.573448462602,Owner
Flat,2,5.18840976818378,Terrace,0,7.539214282628473,0.0,0.20592966531857043,-0.0939312464062946,0.10511391312989714,0.0,0.0,1780.969094631849,Owner
Flat,5,3.5725733270672215,Garden,0,7.451775502963163,0.0,0.16605750818497717,-0.043266445443200845,0.11262847870660847,0.0,0.0,4030.1792136339845,Owner
Flat,3,0.6388994881696098,Nothing,0,7.505539015755969,0.0,0.11438437451903656,-0.018587050921635366,0.0,0.0,0.0,2430.6764399237436,Owner
Flat,3,1.8702976676938576,Terrace,0,7.507796483827453,0.0,0.15496664907877844,0.0005178307437360558,0.11830648508767669,0.0,0.0,3313.019820654547,Owner
Flat,4,8.107452027894016,Garden,0,7.523454686153319,0.0,0.1572022102942221,-0.06376652788606821,0.11224485267973996,0.0,0.0,2195.5975689255256,Owner
Flat,4,9.881467017064018,Garden,0,7.462891478673658,0.0,0.14506300489091478,-0.017639574997061133,0.1434894884872689,0.0,0.0,2905.6406409475458,Owner
Flat,2,0.7384415541095352,Garden,0,7.460386301607472,0.0,0.16921029369970342,-0.051155254085021216,0.1407455163463254,0.0,0.0,2531.0510142278895,Owner
Flat,3,15.22322122757454,Garden,0,7.515658246968507,0.0,0.21091589115607587,-0.05517881899822459,0.22280149459036566,0.0,0.0,1992.1975121938688,Owner
Flat,2,1.993609110129775,Terrace,1,7.508909540196996,0.0,0.20714187097482517,-0.02349020187539983,0.038501761642675665,0.11406322768225072,0.0,2839.8049875655015,Owner
House,4,5.428190178299471,Nothing,0,7.507514785510376,0.20000621194754592,0.14689509050020974,-0.030430313647597414,0.0,0.0,0.0,3215.9767276894518,Owner
Flat,3,6.9681086231326255,Garden,0,7.510393446284909,0.0,0.10544652314638676,-0.09729176470952748,0.13305677987487172,0.0,0.0,1802.4447251696665,Owner
Flat,6,8.355136855348373,Garden,0,7.479599258352645,0.0,0.2548808042568227,-0.005703789508223131,0.18064149886288194,0.0,0.0,9189.025548912761,Owner
Flat,3,14.570733988268428,Terrace,1,7.50696761091483,0.0,0.18397712790775492,-0.008597259375576455,0.13591740770935684,0.13680799671652924,0.0,3911.234224079323,Owner
House,4,1.8765194369952112,Nothing,1,7.508792174198961,0.22475294794002906,0.10833010322566379,-0.06876688104528589,0.0,0.09699537770560142,0.0,3423.3276937221867,Owner
Flat,4,9.77750589072291,Balcony,0,7.4785694574592085,0.0,0.2052948228120999,-0.038125893996877734,0.0029642172390363306,0.0,0.0,2748.1602895011583,Owner
Flat,2,0.7060145951758322,Balcony,1,7.555973235334343,0.0,0.19038830252000755,-0.03517909441151784,0.0604012993281476,0.07366052239730317,0.0,3133.463615355738,Owner
House,4,6.104592989313401,Terrace,0,7.514214987627353,0.19088821913670007,0.15115212616226112,-0.042179787025282786,0.07648739436626716,0.0,0.0,3373.2182083743846,Owner
Flat,4,6.773546890363093,Garden,0,7.46426089508392,0.0,0.15604699818807388,-0.06650915461536261,0.123951218043709,0.0,0.0,2424.0471225790316,Owner
Flat,1,5.661723016105115,Garden,1,7.519696608259015,0.0,0.14323080285184733,-0.07014870103814155,0.16603887258367306,0.11102096520448534,0.0,1941.2183128059703,Owner
Flat,4,1.4538657989522825,Nothing,1,7.47075954989318,0.0,0.08365145486719645,-0.05076662212974336,0.0,0.12740753878699748,0.0,2522.027791878744,Owner
Flat,5,10.3195399526277,Nothing,0,7.523612538112274,0.0,0.13800333123515607,-0.014818129422219065,0.0,0.0,0.0,3376.2099782614628,Owner
Flat,5,0.924775888878609,Terrace,1,7.534757867370222,0.0,0.177919821915187,-0.033691995362167035,0.06393551421771734,0.14478065706878565,0.0,5451.972420664346,Owner
Flat,3,0.2756336447784561,Nothing,0,7.475379530449449,0.0,0.009551568248626907,-0.06111842996258318,0.0,0.0,0.0,1670.6726376833926,Owner
Flat,4,6.319764045182417,Nothing,1,7.52890128387733,0.0,0.1378509684973703,-0.02684903868054966,0.0,0.09935898116954692,0.0,3037.1971951258743,Owner
House,2,3.226317757110416,Garden,0,7.5123834278080945,0.1958788463480181,0.1431680301091623,-0.13545627861890225,0.15257061484210077,0.0,0.0,2404.068420152559,Owner
Flat,2,9.455623958741025,Balcony,0,7.524661804799835,0.0,0.15233207530691809,-0.015537028988836903,-0.01569765114935659,0.0,0.0,2321.613982876886,Owner
Flat,2,2.4176506345891866,Garden,0,7.556903789479619,0.0,0.20492334886779287,-0.10219141336334299,0.15766151267022951,0.0,0.0,2703.082647485948,Owner
Flat,1,0.9212886809469957,Garden,0,7.4926383565199135,0.0,0.13898490482104603,-0.06087322824209397,0.12313961032910928,0.0,0.0,2232.6993509985828,Owner
Flat,2,9.052943941290195,Nothing,0,7.477387915069276,0.0,0.13903745422731648,-0.08359009683878432,0.0,0.0,0.0,1061.218605180515,Owner
Flat,5,3.980437931239487,Nothing,0,7.473314567111235,0.0,0.1693308531331686,-0.08884044427162718,0.0,0.0,0.0,2998.4209740153774,Owner
Flat,3,1.0486433748166777,Nothing,0,7.475525691451037,0.0,0.14698668405940732,-0.015175196378644423,0.0,0.0,0.0,2736.869321902015,Owner
Flat,7,6.371690202989127,Nothing,0,7.497686948717577,0.0,0.12599203251346364,-0.06403103603935674,0.0,0.0,0.0,2713.559618606586,Owner
Flat,4,3.5781260303149063,Garden,0,7.510234559244499,0.0,0.14700137969335786,-0.03960488354807853,0.14296138290127758,0.0,0.0,3271.8952123612016,Owner
Flat,3,4.635658697094391,Garden,0,7.5083007239799,0.0,0.1119941171283044,-0.05140761736637552,0.15114713984880085,0.0,0.0,2419.3010562200275,Owner
Flat,4,3.089255569982458,Nothing,0,7.524815497471081,0.0,0.1187421680936612,-0.03568877518330636,0.0,0.0,0.0,2874.4373739562384,Owner
Flat,4,8.82195659983044,Terrace,1,7.500390056756337,0.0,0.14990190616568308,-0.047695343268192344,0.10606986389268407,0.10880673796499889,0.0,2770.6912700369007,Owner
Flat,4,8.846939419221181,Nothing,1,7.543606022314719,0.0,0.14469254642577903,-0.08848976672565709,0.0,0.05930254586129786,0.0,1583.609143394266,Owner
House,4,6.1788453136855495,Nothing,1,7.492060295002862,0.1814704431369695,0.20310436664078602,-0.020111995416585805,0.0,0.1139928994730058,0.0,4784.322035339341,Owner
Flat,3,0.5569006383157988,Nothing,0,7.581605074997689,0.0,0.14034370922813402,-0.06481269749483938,0.0,0.0,0.0,2874.91055908145,Owner
Flat,3,9.127218178311617,Nothing,1,7.51877002043295,0.0,0.1552726560967598,-0.09669745695979254,0.0,0.051546045522834726,0.0,1148.6881578167347,Owner
Flat,2,5.558684917512196,Garden,0,7.474285273307512,0.0,0.15921730775873708,-0.06284345482897738,0.17990576320397422,0.0,0.0,2062.222297762673,Owner
House,2,5.9705111622159865,Nothing,0,7.467873225058167,0.19581661172957002,0.040727426430931316,-0.004977206280970675,0.0,0.0,0.0,2059.087560269252,Owner
House,4,2.2547934281565505,Nothing,0,7.514474172457295,0.18649432205445765,0.1618836304942813,-0.024493347736595217,0.0,0.0,0.0,4177.085752971679,Owner
Flat,5,10.571388939487411,Garden,1,7.4932961164402245,0.0,0.11902132477572974,-0.06045956403223578,0.1611631641782059,0.10601707591692829,0.0,2171.269272569902,Owner
Flat,5,6.461681843451471,Nothing,0,7.521420014822763,0.0,0.22658553275137439,-0.06047773112955287,0.0,0.0,0.0,4001.3776168569284,Owner
House,7,0.5972434847280181,Balcony,0,7.514197128737206,0.15668435551599375,0.11361216208933643,-0.05964905153652148,0.10761102506432783,0.0,0.0,4674.375052215542,Owner
Flat,1,2.619368862448958,Nothing,0,7.4978151326202935,0.0,0.14438292856295806,0.012302439506825219,0.0,0.0,0.0,2195.9856205575875,Owner
Flat,2,10.874494587831098,Garden,1,7.474596188457948,0.0,0.09696445385600588,-0.038541936433053404,0.1828940770143265,0.11286449500991719,0.0,1866.7264276789658,Owner
Flat,6,0.24173399626215963,Terrace,0,7.454554583259424,0.0,0.30224803303772385,-0.03709875058426791,0.10929996949496666,0.0,0.0,10908.694567538905,Owner
Flat,6,16.274668279520355,Garden,0,7.486604551437989,0.0,0.1501319905529484,-0.01909149637904474,0.11042258416203697,0.0,0.0,3738.5410930312983,Owner
House,3,5.684103637505,Nothing,0,7.525691963829704,0.19556659043547586,0.15635016430587,-0.042836325229204594,0.0,0.0,0.0,3087.542087413615,Owner
House,2,4.989890319927591,Garden,0,7.5064228123239065,0.18640254772930961,0.08973675970693787,-0.057771264374621094,0.1259988430680706,0.0,0.0,2250.6252651565824,Owner
Flat,1,1.5773857161300109,Garden,0,7.4626278366386405,0.0,0.1707896722396816,-0.05589049547254935,0.14809426276153934,0.0,0.0,2221.7884596736235,Owner
Flat,3,1.430362101447174,Terrace,0,7.5051954277755355,0.0,0.12396149323580061,-0.05214803778242192,0.045460623238385366,0.0,0.0,2600.2799249482464,Owner
Flat,4,14.241582784253396,Nothing,1,7.511559521391865,0.0,0.19770503028755054,-0.05111666709529525,0.0,0.01235948549516179,0.0,1875.2361180371731,Owner
Flat,2,1.7710503086784237,Garden,0,7.473484276913966,0.0,0.12327248465718281,-0.02817111369089061,0.14871529856065274,0.0,0.0,2350.106257825514,Owner
House,4,7.46951582740636,Garden,0,7.504611753178366,0.16583500646657695,0.12108087063763522,-0.04844162342578102,0.15174068204425184,0.0,0.0,2988.3383169885806,Owner
House,2,2.4971358204079723,Nothing,0,7.50174626155338,0.23117335362260807,0.0715219200038664,-0.028020797683532626,0.0,0.0,0.0,2677.827134492582,Owner
House,3,0.7497795306042176,Terrace,0,7.465710891065081,0.19772707140393622,0.14827538129898607,-0.052421497403257473,0.13838394794973252,0.0,0.0,3616.270288743272,Owner
Flat,2,0.053865599617956866,Nothing,0,7.5107336208104485,0.0,0.15416690769348707,-0.04764094429051729,0.0,0.0,0.0,2570.1349464494906,Owner
Flat,4,3.929134821623789,Garden,0,7.516823535791047,0.0,0.08911866949715061,-0.10994602053596322,0.15633851076838418,0.0,0.0,2038.8580938579064,Owner
Flat,2,18.60263881034444,Nothing,0,7.532491537295258,0.0,0.1740256623911528,-0.02251016975892556,0.0,0.0,0.0,1838.9937630482514,Owner
House,2,2.303326388933802,Garden,1,7.531614061561047,0.22453668974075086,0.14705764284533593,-0.03960534572306022,0.13524292657481385,0.07815991176312598,0.0,3768.7468980543454,Owner
Flat,1,2.2095485961504995,Garden,0,7.458669918961287,0.0,0.15150031422097954,-0.02005969670421044,0.09370341881874378,0.0,0.0,2203.0081956756194,Owner
Flat,5,2.108670805737301,Nothing,0,7.471865248802546,0.0,0.1462169593036365,-0.13688766134581068,0.0,0.0,0.0,2717.1022069011406,Owner
Flat,4,3.675514058943361,Terrace,1,7.51545105801626,0.0,0.14336286850849297,0.012651241143421824,0.14948442682971763,0.08062107462626394,0.0,4377.052556616255,Owner
Flat,3,2.90503246235686,Nothing,0,7.515413578527366,0.0,0.15381048829733787,-0.05418768884465522,0.0,0.0,0.0,2413.395734668898,Owner
Flat,5,10.597761726074085,Balcony,1,7.515451430589182,0.0,0.11491097376822201,-0.01675451549787451,0.07346390004594378,0.08551769433453904,0.0,3043.0632492455534,Owner
Flat,1,3.5212508737789183,Terrace,0,7.615581944719642,0.0,0.1196701086983228,-0.08119717781376593,0.11084251951819309,0.0,0.0,1974.3346524007898,Owner
Flat,3,3.543922423881031,Terrace,0,7.517126715320795,0.0,0.18857406443208585,-0.031616782848122915,0.06120575368724057,0.0,0.0,3429.64306845969,Owner
Flat,3,0.7446559281230722,Nothing,1,7.534066969205418,0.0,0.2168329358611422,-0.08160246689520968,0.0,0.1487403537540868,0.0,3389.268797248531,Owner
Flat,3,20.296684976046613,Garden,0,7.528620052904796,0.0,0.141233977312079,-0.06871306882087416,0.17691198590661394,0.0,0.0,787.657345284716,Owner
Flat,6,1.4382296379839348,Garden,0,7.519541737539174,0.0,0.13159704338455966,0.007420940616003582,0.18824625123836167,0.0,0.0,4914.510731922759,Owner
Flat,4,0.38097263919445445,Balcony,1,7.49054192266079,0.0,0.16019028253603534,-0.0557204720229004,0.05102082233216696,0.09124566193253368,0.0,3892.6649894890243,Owner
Flat,2,5.44053208021805,Terrace,0,7.522769076614798,0.0,0.14395370693691487,-0.04347701380460832,0.09150583309768699,0.0,0.0,2225.320648657924,Owner
Flat,4,4.523866194801905,Garden,0,7.476815243563873,0.0,0.060588112576306086,-0.02389796807933738,0.14395525398157447,0.0,0.0,2502.3967556049147,Owner
Flat,7,2.6819622196771107,Nothing,0,7.4928954417978,0.0,0.11508676856873398,-0.035129543360821865,0.0,0.0,0.0,3599.290221678823,Owner
Flat,3,2.742570250984601,Garden,1,7.485439093565127,0.0,0.166966082378793,-0.04548743284569271,0.1679638316868573,0.09458560259228124,0.0,3125.283318619438,Owner
House,2,7.6870730112586125,Nothing,1,7.502456224181589,0.18460359300585247,0.1614750780527277,-0.03905116992601324,0.0,0.19579322703534582,0.0,2808.168042536217,Owner
Flat,7,1.0889933042426638,Garden,0,7.569439757000206,0.0,0.06254333221284537,0.022102467557148245,0.1279747860366451,0.0,0.0,3613.548422297249,Owner
Flat,1,8.58103373389464,Nothing,0,7.443982044222247,0.0,0.12563831636666514,-0.051728563911007566,0.0,0.0,0.0,1293.3697594106118,Owner
Flat,2,5.231244208494754,Nothing,1,7.520587805711235,0.0,0.1268440006332885,-0.04396702859855098,0.0,0.08720927211383371,0.0,2125.8318098972436,Owner
Flat,4,2.7147624950379514,Garden,0,7.45161852386431,0.0,0.1626380262680372,-0.01848036811977164,0.193674669664403,0.0,0.0,3791.8995185710523,Owner
Flat,2,3.062710385307899,Nothing,0,7.485842044026317,0.0,0.05299635917090084,-0.01683422201126049,0.0,0.0,0.0,1751.2123114006279,Owner
Flat,1,1.4829226243266203,Terrace,1,7.532668517909021,0.0,0.1029247894084244,-0.014389090833188602,0.08163499248535538,0.05685166065047901,0.0,2422.2327656827356,Owner
House,1,6.9739382902923674,Nothing,1,7.501928400572864,0.19942218860796818,0.1774761374020889,-0.030838093339124465,0.0,0.1275768680372561,0.0,2394.418898538456,Owner
Flat,1,3.5961699315594635,Nothing,1,7.467667656662121,0.0,0.11910692037264321,-0.08429014738191451,0.0,0.07995567743383018,0.0,1340.3362217854121,Owner
House,4,1.9345997580578913,Balcony,0,7.478540888722201,0.2006739767843614,0.16093655725081893,-0.0009970540309671289,0.10693301050237931,0.0,0.0,4434.874182960247,Owner
Flat,4,4.532322288144664,Garden,0,7.52038793246804,0.0,0.12775290804267003,-0.08439036179056064,0.12416736269479288,0.0,0.0,2360.679743599505,Owner
House,2,27.285923153169108,Balcony,0,7.4780890010484855,0.16457561554073466,0.10154881064128152,-0.04092093604282901,0.02497030863525254,0.0,0.0,855.1811684288745,Owner
Flat,4,2.8569693369842635,Garden,0,7.506493757687459,0.0,0.12837485096737328,-0.07262827550058074,0.1709370981761708,0.0,0.0,3019.869729914688,Owner
Flat,2,12.672043585554833,Garden,0,7.501367155197115,0.0,0.16763842897611259,-0.051924150397789776,0.13670867936614553,0.0,0.0,1453.1265085392731,Owner
Flat,4,2.115728767429429,Garden,1,7.480451989571826,0.0,0.18728067470681953,-0.04013712769089559,0.1356152109780227,0.1255832102536666,0.0,4075.6729310573005,Owner
Flat,2,0.2814377083401599,Terrace,0,7.5643183226797595,0.0,0.18240311458246855,-0.04035928353649181,0.09732297537335653,0.0,0.0,3093.528732304648,Owner
Flat,5,1.1423014656553134,Nothing,1,7.51901757066954,0.0,0.1430937110001508,-0.03734237737294146,0.0,0.0746093003502738,0.0,3498.751322460148,Owner
Flat,6,2.7123997473157786,Garden,0,7.439245722400272,0.0,0.1622918879353395,-0.0015886619282405937,0.1559187679689362,0.0,0.0,5649.330879808852,Owner
Flat,4,1.2399671426590304,Garden,0,7.505593629443083,0.0,0.12324975810161976,-0.03639397095458061,0.15933926020328654,0.0,0.0,3337.7389789544964,Owner
Flat,3,0.0011353199766673677,Nothing,0,7.4801464060569485,0.0,0.1339820574711719,-0.05732469905871947,0.0,0.0,0.0,2556.6176308237536,Owner
Flat,3,12.325610569014234,Garden,0,7.525573000043886,0.0,0.1972035434421288,-0.021077384951349285,0.18214629456704656,0.0,0.0,3049.015578533265,Owner
House,4,9.285632827085458,Garden,0,7.476224377847019,0.2030556888578596,0.04051467631374914,-0.014315885332260789,0.15571906773795072,0.0,0.0,2506.0461989297332,Owner
House,4,6.779645081047453,Garden,1,7.496557906755993,0.24647060454485564,0.09702024145856614,-0.08682823445410978,0.17823931742302448,0.11270797196780384,0.0,2475.218427250431,Owner
House,7,0.9185001060743391,Nothing,1,7.5151496183694135,0.16282678773038298,0.12367148944327516,-0.03207799790450426,0.0,0.16187574757729434,0.0,5958.139493893346,Owner
Flat,5,0.6412330583295656,Nothing,0,7.525972655825104,0.0,0.061912534118532064,-0.028964817730673054,0.0,0.0,0.0,2652.2802673928063,Owner
Flat,4,0.3499923282386663,Balcony,0,7.463991107788327,0.0,0.11958875287389471,-0.05892690510079976,0.035092039246460656,0.0,0.0,2975.3950210136413,Owner
House,2,6.437300876406098,Nothing,1,7.4899649629247715,0.20152663105568056,0.15544864644553263,-0.008728795600651422,0.0,0.14236661666246286,0.0,3703.425243123025,Owner
Flat,4,13.211871371146206,Terrace,0,7.485751640665171,0.0,0.14487097982531671,-0.0545016676109758,0.09702717099276194,0.0,0.0,1740.3895693782313,Owner
House,6,2.8152969847732887,Nothing,0,7.480400123022789,0.20731859593725502,0.19616147520785646,-0.04623270639585374,0.0,0.0,0.0,6182.33364354171,Owner
House,6,0.634286694446645,Nothing,0,7.552963627208433,0.19330393236095586,0.18022646167378598,-0.05519215472851609,0.0,0.0,0.0,6873.835731687142,Owner
House,2,3.5912257890014225,Nothing,1,7.5121494513288285,0.24469590315806247,0.1385900530985094,-0.04953262857255598,0.0,0.11284921291622946,0.0,2559.3513290161336,Owner
Flat,4,2.1449373171720083,Garden,0,7.462173481369948,0.0,0.1303156051929606,-0.08288825260685606,0.13888475704229913,0.0,0.0,2770.1046145979835,Owner
Flat,3,2.3486177371615256,Garden,0,7.527535858411643,0.0,0.1417426012297055,-0.09320152647782884,0.10783298942464073,0.0,0.0,2456.6183263938883,Owner
House,4,4.8554590693818245,Terrace,1,7.563664685910379,0.1969023571955286,0.15597511708750078,-0.0021648481032508354,0.09668003894328012,0.13562158154694254,0.0,4852.214055990992,Owner
Flat,4,6.341989784111247,Nothing,0,7.530973957816534,0.0,0.13129848958965407,-0.07540884044954983,0.0,0.0,0.0,2064.31907845985,Owner
Flat,2,0.586061236596752,Terrace,0,7.45441890102138,0.0,0.15856245194961427,-0.07974177048368922,0.12525951086356382,0.0,0.0,2519.932521706853,Owner
Flat,4,0.18119501455745993,Nothing,0,7.4854729778140126,0.0,0.14400339108089322,-0.11460170340811145,0.0,0.0,0.0,3106.5717371562455,Owner
House,2,25.86309773195701,Nothing,1,7.538007334475599,0.20062659464887886,0.15329760557864697,-0.06916885243068507,0.0,0.10583152904732009,0.0,624.6004771197311,Owner
Flat,5,1.3245718340327208,Garden,0,7.478769916031436,0.0,0.14589972921793437,-0.08969269380222494,0.1809174175687217,0.0,0.0,3755.8016264356825,Owner
Flat,5,0.2766678841507926,Nothing,1,7.513314582844387,0.0,0.13411663894496523,-0.0007395451959089361,0.0,0.11015451530385074,0.0,3827.574497240761,Owner
Flat,2,1.0528356423145457,Nothing,0,7.52323902160288,0.0,0.2181636012177678,-0.01970548731972098,0.0,0.0,0.0,2968.1262127741993,Owner
Flat,4,0.19868503306108903,Nothing,0,7.472192085852657,0.0,0.1724732196951807,-0.07064451035533172,0.0,0.0,0.0,3750.585717017654,Owner
House,4,2.486347083925783,Nothing,1,7.498214239318146,0.19046854709731298,0.1118352718782293,0.017573074160329258,0.0,0.1395279260682388,0.0,4069.6081897738454,Owner
Flat,5,8.107597621666283,Nothing,0,7.402761979797928,0.0,0.19006073241478136,-0.020547035390252176,0.0,0.0,0.0,3275.5753411728765,Owner
Flat,5,2.0870137687341686,Garden,0,7.469268370759972,0.0,0.14923623150779433,-0.05974494150525868,0.16659753659954352,0.0,0.0,3715.657500562475,Owner
House,1,2.936584538182011,Nothing,0,7.492422955458205,0.16665626129188904,0.19669176929189397,-0.1249821714462072,0.0,0.0,0.0,1784.7954896446045,Owner
Flat,5,5.628685927925503,Garden,0,7.462566504541054,0.0,0.17746701820109864,0.01872827717772224,0.12314790473170185,0.0,0.0,5267.596127026145,Owner
Flat,2,3.555477156091545,Nothing,0,7.548972339117949,0.0,0.14513949923450903,-0.09168717400290788,0.0,0.0,0.0,1927.8087033741606,Owner
Flat,3,9.882464357690331,Nothing,0,7.457095758661181,0.0,0.05692626614789946,-0.09936196240870676,0.0,0.0,0.0,774.408995891904,Owner
Flat,6,10.050908730809612,Balcony,0,7.486798665399091,0.0,0.13136709461471732,-0.019322887039710798,0.08578205496249244,0.0,0.0,3330.7159453105933,Owner
Flat,4,0.04980066673638775,Nothing,1,7.503922217318583,0.0,0.15260821725359552,0.023192572190178173,0.0,0.09931395813103354,0.0,3805.7913683321526,Owner
House,4,7.526432533147345,Terrace,0,7.543238198671983,0.17567427466368987,0.15931650454123772,-0.008471815444684457,0.08830228880321665,0.0,0.0,4331.339624146868,Owner
House,3,3.0877279100668584,Terrace,1,7.456924135464617,0.16227266423256154,0.13013748191815483,-0.03308272639842921,0.10474160469760396,0.08485675236315349,0.0,2929.2930656736385,Owner
House,2,22.477339135588927,Balcony,0,7.534894912564649,0.19297940422679058,0.11167272729497874,-0.03215736975004142,0.04573560389178362,0.0,0.0,1247.9504619437457,Owner
House,1,3.3008069738118766,Nothing,0,7.500306991830588,0.21399075123339004,0.1832471971980734,-0.02439753323659077,0.0,0.0,0.0,2562.122839649896,Owner
Flat,4,21.674167921601967,Nothing,0,7.470554740468561,0.0,0.25402430947881866,-0.02723214230639705,0.0,0.0,0.0,2953.78061251216,Owner
Flat,5,7.023704510181924,Nothing,0,7.513863104227898,0.0,0.15158242099236424,-0.041564257280918726,0.0,0.0,0.0,2842.164025195543,Owner
House,3,1.4291182327326566,Garden,0,7.505971790867204,0.1904045743023547,0.11793060062002994,-0.04687396688144372,0.15781326790000666,0.0,0.0,3270.90726266021,Owner
Flat,2,3.8652284354302098,Nothing,1,7.481993493685236,0.0,0.1317696962085821,-0.051877793836985674,0.0,0.07232769446504493,0.0,1891.2445426465922,Owner
Flat,1,24.227070263269304,Nothing,1,7.5020940625497,0.0,0.050917071851860826,-0.07261893766600029,0.0,0.14846127068408327,0.0,364.65983853881204,Owner
House,6,9.74314046792972,Garden,1,7.488440592094147,0.26268616165084324,0.20291224041400832,-0.05842025230600323,0.09112122924982263,0.09033038592365981,0.0,5068.808442781461,Owner
House,3,0.5121955677309854,Garden,0,7.503405520357537,0.15177016918645825,0.1066189449285388,-0.10078870442586157,0.1604895014189908,0.0,0.0,3322.5544724910656,Owner
Flat,3,6.127208040387446,Garden,1,7.519863920235632,0.0,0.1549828046492463,-0.0529501888038425,0.10305591685913834,0.14563948155767353,0.0,2651.519497029199,Owner
Flat,1,2.1200264949748577,Nothing,0,7.547580504484361,0.0,0.1319616456904537,-0.07965773321452753,0.0,0.0,0.0,1796.3107191328434,Owner
Flat,2,0.03503375967362231,Nothing,0,7.462865535035195,0.0,0.1534406500454112,-0.08310767951647313,0.0,0.0,0.0,2295.926797274111,Owner
Flat,3,2.5832206677789116,Nothing,1,7.563991001239688,0.0,0.16082224360278244,-0.04460317546539565,0.0,0.11211190271009829,0.0,3090.898804365755,Owner
Flat,4,1.3377923965883423,Garden,0,7.441437366014325,0.0,0.18231876035587244,-0.008239931409662025,0.14093863501530407,0.0,0.0,4469.481518341381,Owner
Flat,1,8.54268123052189,Nothing,0,7.495446447148932,0.0,0.1234593297219134,-0.022450501819930614,0.0,0.0,0.0,1745.3277796964317,Owner
Flat,2,2.0573953452121447,Garden,0,7.517649516194537,0.0,0.03548723668774159,-0.09711501810869531,0.17195612112864886,0.0,0.0,1963.2894786010659,Owner
Flat,1,8.787477040994844,Balcony,0,7.508429756032051,0.0,0.11113612985208443,-0.07968884409711013,0.06809284054846501,0.0,0.0,1153.0838744015925,Owner
Flat,3,0.0029905883575644283,Nothing,1,7.481319014405382,0.0,0.19828873044879708,-0.021776864360353528,0.0,0.13563038165384692,0.0,3644.4359913343037,Owner
Flat,4,1.8395400680797123,Garden,0,7.493756332489282,0.0,0.1913236251447953,-0.07947462180614928,0.16407802769425578,0.0,0.0,4218.001668952906,Owner
Flat,5,1.3798559947031106,Nothing,1,7.485209971960235,0.0,0.1565009138890964,-0.05673899449991074,0.0,0.10603478967618518,0.0,4452.634935752726,Owner
House,3,1.330042329500564,Garden,0,7.482319057291674,0.18712266739104016,0.15673309613836203,-0.033498437029263445,0.17270366039960944,0.0,0.0,3792.3818949841107,Owner
Flat,4,0.35311360073131415,Nothing,0,7.525488062910631,0.0,0.162017611465427,-0.07905033364590906,0.0,0.0,0.0,3919.150772633189,Owner
Flat,5,1.0358851762558428,Terrace,0,7.510710464578952,0.0,0.11856891660710626,-0.0468387348156212,0.08770940222111509,0.0,0.0,3574.3574064791355,Owner
Flat,2,4.0545837427483145,Terrace,0,7.47921271214218,0.0,0.2029518714063407,-0.09002076484754613,0.12136966478740487,0.0,0.0,2137.3482274365506,Owner
House,2,1.7220457637370563,Garden,0,7.5269879962629975,0.26072928869860557,0.14468144994550625,-0.06804102931853641,0.14882078137117105,0.0,0.0,3328.1341540880276,Owner
Flat,4,2.7012273932976782,Garden,1,7.5092189856262985,0.0,0.14201365553762713,-0.040406541975723895,0.145965096467948,0.05962060959259755,0.0,3429.5863090836633,Owner
Flat,3,2.3649755390741216,Nothing,1,7.524385863565168,0.0,0.15115709256188206,-0.09778981200595008,0.0,0.10379138738639236,0.0,2637.5803020627036,Owner
Flat,3,10.433536366477671,Garden,1,7.518888865257709,0.0,0.07904445389471113,-0.03678575786118803,0.1929410034549355,0.15816786997174853,0.0,2325.819215538234,Owner
Flat,3,11.785153543676273,Nothing,1,7.475130149672338,0.0,0.11697255825886888,-0.05058913396780044,0.0,0.06999006026183277,0.0,1486.525356326625,Owner
Flat,6,3.395797052316041,Nothing,1,7.483194568794091,0.0,0.16939175729592054,-0.033425301367485574,0.0,0.07966765088425445,0.0,4635.849987974437,Owner
Flat,2,2.0035517767770354,Garden,0,7.522418808153698,0.0,0.0960541162493646,-0.04328257597806016,0.16866209970918145,0.0,0.0,2459.1310682418803,Owner
Flat,4,0.564727735982155,Garden,1,7.518311107963004,0.0,0.1569316511527551,-0.009075787100784681,0.1898679995860623,0.10538745345818794,0.0,4374.16134668893,Owner
Flat,3,15.331082645374593,Nothing,0,7.4993729521810755,0.0,0.12864222106011905,-0.046243264920562785,0.0,0.0,0.0,1351.9404391464716,Owner
House,2,0.31058431806089415,Nothing,0,7.503519821499263,0.19427288624818106,0.142491926695891,-0.06288216623375759,0.0,0.0,0.0,3136.8622112242347,Owner
Flat,3,1.7666190945233522,Nothing,0,7.538329946873652,0.0,0.13352274880251971,-0.04633107490903149,0.0,0.0,0.0,2543.688395159301,Owner
Flat,5,1.7695809153208517,Terrace,0,7.482252858334925,0.0,0.13978208621426738,-0.03370105912890836,0.1383659743994018,0.0,0.0,3910.854772684219,Owner
House,3,1.9312639084102636,Nothing,0,7.516412921435101,0.17130690869545975,0.16729250418236224,-0.04853419789022887,0.0,0.0,0.0,3283.3351931681636,Owner
Flat,1,0.8973491936835555,Garden,1,7.493934220426983,0.0,0.13438601320024618,-0.04878224926388353,0.1813526542225426,0.09276227036144373,0.0,2519.123618260086,Owner
Flat,5,7.643010617979017,Nothing,0,7.493469563903183,0.0,0.1542748905043727,-0.07105975063420267,0.0,0.0,0.0,1861.971184746309,Owner
Flat,6,0.6533794356954463,Nothing,0,7.5329633055596155,0.0,0.1485274691152949,-0.06988702752652845,0.0,0.0,0.0,4486.136814907487,Owner
Flat,4,5.038011148725333,Garden,0,7.524762490469641,0.0,0.16189556227598198,-0.09207815815399081,0.13945757292858801,0.0,0.0,2517.74127930818,Owner
House,6,0.6610671744528562,Garden,0,7.524405289080019,0.19997874216270065,0.2120632340085907,0.0024873022956081736,0.19690240076496324,0.0,0.0,10732.763120479132,Owner
House,6,0.3657340658065671,Garden,0,7.5391643642146295,0.16248776798090847,0.1687727427208529,-0.08731589706173856,0.12544714002173996,0.0,0.0,6488.388809200174,Owner
Flat,3,12.00813383357463,Garden,0,7.500630115248983,0.0,0.12467257747104157,-0.07078715593387722,0.19597103174034347,0.0,0.0,1335.0066941469092,Owner
Flat,4,1.0544000735833898,Nothing,0,7.520458589138849,0.0,0.06675807922019152,-0.07155221796707592,0.0,0.0,0.0,1946.086719810928,Owner
Flat,3,8.608839810390341,Balcony,0,7.490691997302196,0.0,0.1306423110155346,-0.023152268691666766,-0.013977868784645076,0.0,0.0,1763.8741562984928,Owner
Flat,8,3.9332345832133426,Garden,1,7.509724990574654,0.0,0.15632740413939455,-0.058848490348760836,0.16102947878974264,0.08394015442138232,0.0,6309.637109270959,Owner
Flat,3,0.40527224443641235,Balcony,1,7.496095708368969,0.0,0.08176596467518667,-0.01256773781978799,0.045255384668830397,0.09728400153087519,0.0,2616.9160314794512,Owner
Flat,2,15.555512648309408,Nothing,0,7.502909878949781,0.0,0.14978117872301358,-0.07020471872731605,0.0,0.0,0.0,788.9545791992648,Owner
Flat,5,1.418192407260406,Nothing,0,7.517854710763108,0.0,0.15645844978282844,-0.04163017513328594,0.0,0.0,0.0,3849.412729604573,Owner
Flat,5,9.817914060771102,Terrace,0,7.475453379502996,0.0,0.13791788520318748,-0.07506041159779273,0.07794089617954143,0.0,0.0,1784.681564007448,Owner
Flat,5,0.9244843851385582,Garden,1,7.562771618270564,0.0,0.1734150833576037,0.01435447383320164,0.15370643087866748,0.0869354088829047,0.0,6307.088399544676,Owner
House,4,9.618787577866016,Nothing,0,7.469819478555009,0.18924979543936335,0.10363377078187341,-0.08562795257088539,0.0,0.0,0.0,1396.888105789341,Owner
Flat,4,0.06658546538187224,Nothing,0,7.4635743416163685,0.0,0.09314146258617709,-0.04070537869318918,0.0,0.0,0.0,2503.380201850047,Owner
Flat,2,3.584950451087789,Garden,1,7.534743326205002,0.0,0.16828500688969342,-0.03098669357203705,0.11823277238830199,0.12216431442662509,0.0,2796.3841833568954,Owner
Flat,4,7.336276672151887,Garden,0,7.5237498808188885,0.0,0.14972825189636516,-0.03758602707645506,0.19444990207387797,0.0,0.0,3127.039365401431,Owner
Flat,6,13.651135311510124,Garden,0,7.518723594511565,0.0,0.16418686425519585,-0.055558629766331254,0.20887761571592384,0.0,0.0,2979.1759892814293,Owner
Flat,3,11.995597600774017,Garden,0,7.518850365277928,0.0,0.14581022793365395,-0.05389462099200279,0.15011087015543542,0.0,0.0,1708.158034479346,Owner
Flat,2,8.563582693298919,Terrace,1,7.4996325968145925,0.0,0.1287706915495565,-0.048685655840626715,0.07459447101623906,0.08392109664657857,0.0,1739.1474650146145,Owner
House,3,10.954831739603526,Nothing,1,7.473082368855425,0.18198729302783886,0.18050029554033753,-0.05441006004885466,0.0,0.12424173394843435,0.0,2189.512004184499,Owner
Flat,5,1.1108431699845904,Terrace,1,7.502274136745812,0.0,0.17740123150200732,-0.021083626496152714,0.12338047011715997,0.11101861940204022,0.0,5647.367754423618,Owner
Flat,2,1.6716627069951087,Nothing,0,7.479685148654637,0.0,0.16479904917447527,0.016315690047740528,0.0,0.0,0.0,2484.072253997136,Owner
Flat,1,1.7051929070598755,Terrace,0,7.529253592002533,0.0,0.13175182254963083,-0.06672475355023501,0.08746271362702329,0.0,0.0,2127.3790463469113,Owner
Flat,7,2.3664766527883927,Nothing,1,7.495588278554936,0.0,0.15597041097490558,-0.09109408938737235,0.0,0.08952049611645407,0.0,4572.403835252139,Owner
House,5,2.4987745740289817,Nothing,1,7.475235084096225,0.14089688546864496,0.1402259264895303,-0.05264846145053765,0.0,0.09941741182336802,0.0,4105.35712296866,Owner
Flat,5,3.932405144174518,Garden,0,7.4903584247504105,0.0,0.09907882344191564,0.027391280129629547,0.12360556939493837,0.0,0.0,3653.7306819634196,Owner
Flat,3,0.8710512926934543,Balcony,1,7.512387943628268,0.0,0.2039865798893309,-0.07411023703909192,0.07379527064656033,0.12399825705826151,0.0,3618.40052191442,Owner
Flat,1,5.87606292773439,Nothing,0,7.483088263415881,0.0,0.11112144265263588,-0.0008264958366779804,0.0,0.0,0.0,1694.8513136742215,Owner
Flat,5,0.9170099370718936,Garden,0,7.475333388133007,0.0,0.2192203041768845,0.0003310244222932135,0.13994586656485644,0.0,0.0,6131.62726502602,Owner
Flat,4,1.857554284363616,Balcony,0,7.507310616344757,0.0,0.1465717139209806,-0.06660764725123984,0.045219133035622805,0.0,0.0,3031.263054702289,Owner
Flat,5,3.499299609455716,Terrace,0,7.507348997133262,0.0,0.12019398008690368,-0.032930507624441746,0.10554131424343251,0.0,0.0,3092.5241071602372,Owner
Flat,3,7.958986178905575,Nothing,1,7.484791704738866,0.0,0.15262567996775372,-0.0011481013061438658,0.0,0.15131840117745776,0.0,3571.3362003257066,Owner
Flat,2,6.72517159096781,Terrace,0,7.485868850831451,0.0,0.1910998384116634,-0.061373832229624614,0.10037497965721752,0.0,0.0,1860.328660573351,Owner
Flat,2,5.185719264139445,Nothing,0,7.506961498120729,0.0,0.16873381795711587,-0.056107410803070856,0.0,0.0,0.0,1969.8660901510884,Owner
Flat,4,0.8466708593202987,Terrace,1,7.45655746975508,0.0,0.17848939936541436,-0.06745042741845932,0.04994202223365415,0.10210156489339545,0.0,3737.524809330536,Owner
Flat,3,3.9598162960307586,Nothing,1,7.457776086768703,0.0,0.16146271603831372,-0.08044270192078601,0.0,0.13485634907824573,0.0,2296.315141357159,Owner
Flat,6,0.4575428353977252,Terrace,0,7.478446673362427,0.0,0.16456219966744762,-0.06947832635198022,0.09481594787810607,0.0,0.0,4928.747239145519,Owner
Flat,1,2.368959392421717,Nothing,0,7.493596585448644,0.0,0.18595874422471004,-0.0867182080028677,0.0,0.0,0.0,1702.5573825384404,Owner
Flat,3,2.668053979617064,Terrace,0,7.50932722696794,0.0,0.12916571917051387,-0.04897749595222322,0.11323921455097738,0.0,0.0,2459.4680547746348,Owner
House,5,0.2031279828179502,Nothing,0,7.544260686508487,0.16009059122783031,0.14935869179866704,-0.07309919693175926,0.0,0.0,0.0,4609.833845450617,Owner
Flat,3,1.600944361885238,Nothing,1,7.525729788696061,0.0,0.12553505564556328,-0.04298642264627757,0.0,0.10568744849796231,0.0,2437.086292062555,Owner
Flat,3,15.578152791345701,Terrace,1,7.495201844101097,0.0,0.26107233710536165,-0.09667686938610881,0.04426295645805139,0.13003138277701423,0.0,1018.5677271889712,Owner
Flat,6,15.35579410874071,Garden,0,7.499429513762919,0.0,0.2157094982028141,-0.04007359303356629,0.2026642709494647,0.0,0.0,4096.926026198195,Owner
Flat,5,2.171847116966015,Garden,0,7.469924119060866,0.0,0.07379513934116176,-0.024994131151732265,0.19719059175644568,0.0,0.0,2812.5635979235394,Owner
Flat,5,0.2202825002621114,Garden,0,7.499444605920228,0.0,0.1658875314790735,-0.10981206927714365,0.13602583292645512,0.0,0.0,4723.589129272705,Owner
Flat,2,0.9867390743107394,Nothing,1,7.491340240832396,0.0,0.20701309130745932,-0.03877830290457284,0.0,0.0450810130943063,0.0,3212.3505099398853,Owner
House,5,2.4896933703682147,Garden,0,7.5096815568101425,0.16242819666760644,0.11944620050344577,-0.013169930225801235,0.14778157303174821,0.0,0.0,4107.819612235861,Owner
Flat,4,14.761419659569102,Garden,0,7.47518307169343,0.0,0.1543816721125787,-0.08628923056073617,0.13645021571521132,0.0,0.0,1066.4032808257696,Owner
Flat,3,0.761090612731614,Nothing,0,7.515580395427235,0.0,0.20333154250696753,0.0001771716051310948,0.0,0.0,0.0,3664.8484497037844,Owner
Flat,1,7.209370327744139,Balcony,0,7.545982167390077,0.0,0.06930486892456783,-0.03742942971901865,0.11126228120431232,0.0,0.0,1639.979033460563,Owner
Flat,2,0.5752730898596463,Terrace,0,7.496737195546294,0.0,0.1650678982899882,-0.07115035567275227,0.13560203860531994,0.0,0.0,2695.3455027681057,Owner
Flat,4,19.884828678910107,Garden,0,7.512051351662969,0.0,0.13440895378436504,-0.05167307232973118,0.16868133671700805,0.0,0.0,1275.4993347507366,Owner
House,3,2.403232311918166,Nothing,1,7.520704319751333,0.2131021565520053,0.20667304472387188,-0.033250192624348335,0.0,0.1491989358811418,0.0,5365.92154156223,Owner
Flat,2,7.4634890777812934,Nothing,1,7.487963385843425,0.0,0.23547968226186922,-0.047719838257627656,0.0,0.12226382473215677,0.0,2367.8899050735213,Owner
House,1,2.097245267582794,Nothing,1,7.506722774454312,0.23707346575466465,0.2158207950204309,-0.03383732022660893,0.0,0.1022630091670478,0.0,2954.343758084834,Owner
House,2,4.939858527310383,Terrace,0,7.5003777720234535,0.16786838961052855,0.148411531651741,-0.07762020779238099,0.13518270535802335,0.0,0.0,2202.6886735690023,Owner
Flat,2,1.0660656375783344,Nothing,0,7.502930282956465,0.0,0.18862990578526237,-0.044919175278917665,0.0,0.0,0.0,2607.593467333531,Owner
Flat,4,0.7892434912818771,Garden,0,7.476809706484336,0.0,0.18504840278217402,-0.0924114349071494,0.17461032037837368,0.0,0.0,4452.800836568805,Owner
Flat,3,13.90827969287196,Garden,0,7.500735305227768,0.0,0.13652693753751527,-0.05333678184046101,0.1489916230588886,0.0,0.0,1407.144975837617,Owner
Flat,2,12.48371883853331,Garden,1,7.514939948737363,0.0,0.1821735108250412,-0.0771172292439437,0.16364222736423403,0.0947234256270299,0.0,1347.3163939360709,Owner
Flat,4,10.922630042230313,Terrace,0,7.543534308233851,0.0,0.07189548409794211,-0.072065898277693,0.10694337767576717,0.0,0.0,1316.077706550325,Owner
Flat,4,4.909928943261176,Terrace,0,7.528778124782556,0.0,0.15641584379183585,-0.012917204743686884,0.11939468613177312,0.0,0.0,3880.2546190270473,Owner
Flat,3,8.258289084967904,Terrace,1,7.564595473725347,0.0,0.12670528898258618,-0.017260696382171932,0.09352997087357104,0.10130807339117362,0.0,2965.057846869323,Owner
Flat,7,0.3576783847021495,Garden,1,7.476979573113359,0.0,0.10732789707617954,-0.03172585637278469,0.12760264960379283,0.1508515312129226,0.0,5037.879840754966,Owner
House,1,2.038255291967881,Terrace,0,7.52616961910162,0.17972875762515167,0.09385768102843704,-0.08276938294017737,0.12644222586770715,0.0,0.0,2251.285854885813,Owner
Flat,2,1.8822249106318525,Nothing,0,7.505500260172151,0.0,0.16495592307384874,-0.05949225349084406,0.0,0.0,0.0,2428.525263718165,Owner
House,2,5.048137477576721,Terrace,0,7.56569408799653,0.16738262183411592,0.138419090937802,-0.0136070690006245,0.07251177698308826,0.0,0.0,3288.4007606872296,Owner
Flat,3,2.1999549294118883,Nothing,0,7.475751051439345,0.0,0.16790967769981296,-0.04574849259080286,0.0,0.0,0.0,2249.888142657539,Owner
Flat,3,0.8038187163035273,Garden,0,7.474808344734576,0.0,0.08895739095702059,0.01957988619945082,0.1423146074251386,0.0,0.0,2895.6049360566476,Owner
Flat,2,4.5374859855645395,Nothing,0,7.48201822063668,0.0,0.1361665746987231,-0.03820046481816885,0.0,0.0,0.0,2166.2491738861345,Owner
Flat,2,8.420374140282519,Terrace,1,7.436283128270706,0.0,0.15246829001520312,-0.04423852650529905,0.1023879358712811,0.08712093326448221,0.0,1947.7486042744067,Owner
House,1,2.4073333535811168,Garden,0,7.4842273493495775,0.21387773878561855,0.17612850458334126,-0.059273493926075047,0.1643832455425819,0.0,0.0,2892.8324378927728,Owner
Flat,5,0.7093659592899565,Garden,0,7.477226020153389,0.0,0.1364942055106656,-0.045993772856531535,0.17623551222397568,0.0,0.0,4059.0727458113192,Owner
House,2,1.0950617157946794,Nothing,0,7.504511813594286,0.17967306042993036,0.15870185717526653,-0.05457409509141632,0.0,0.0,0.0,2705.340578706257,Owner
Flat,6,1.3556543794021754,Nothing,0,7.510252679273314,0.0,0.19434643434492974,-0.02875673969934229,0.0,0.0,0.0,5609.420792789027,Owner
Flat,2,1.7826432945840842,Terrace,1,7.556285125176476,0.0,0.1579082798553642,-0.021298930496162483,0.12629366936508807,0.12280167891068808,0.0,3272.55470770368,Owner
House,2,5.147228148503714,Garden,0,7.528512715145581,0.18606787213071838,0.12708769235760814,-0.0735796838152385,0.13538391236415218,0.0,0.0,2404.666808237244,Owner
House,1,4.593286205970265,Nothing,0,7.482692890330128,0.21386182679755691,0.059400211931089186,-0.08993698860673334,0.0,0.0,0.0,1520.4632954550407,Owner
House,3,5.954951573057113,Nothing,0,7.473047559859549,0.22350171527847787,0.19043503517442706,-0.1050861611930989,0.0,0.0,0.0,2225.3315014009,Owner
Flat,2,2.2510205747250507,Terrace,1,7.514757575145195,0.0,0.05527985495363892,-0.034760260192623696,0.0936499905420647,0.07743530783228252,0.0,2222.9331314711094,Owner
Flat,2,8.686289712209756,Terrace,0,7.460393003789381,0.0,0.19151731758132673,-0.08310099818521621,0.08116798281746485,0.0,0.0,1437.882238005939,Owner
House,6,1.1413311314114352,Garden,1,7.554943762975631,0.24267109585095525,0.15178849619728826,-0.11458671778857449,0.15544279860341914,0.14021351338069435,0.0,6929.956405594874,Owner
Flat,3,3.1653499900349047,Nothing,0,7.535383203621639,0.0,0.2131453398669815,-0.03834264186407108,0.0,0.0,0.0,2949.922549313986,Owner
House,7,8.07071284853173,Balcony,0,7.485924730436859,0.22936574152345388,0.1773067602738954,0.024789985522983712,0.03762758545350559,0.0,0.0,9606.775655581097,Owner
House,3,0.9932221514339052,Nothing,0,7.448605964127274,0.20255954427695072,0.31467141690862144,-0.0501821273461968,0.0,0.0,0.0,5042.885600109978,Owner
Flat,5,0.5819001164852889,Terrace,1,7.540616171224962,0.0,0.13936070247623294,-0.024845276766450746,0.11014070443305125,0.12014020229351398,0.0,4367.594153122509,Owner
House,2,10.75722187944322,Terrace,1,7.496563804642421,0.17508666780330306,0.17293134235654536,-0.047545119243573054,0.06378935056428353,0.10639589884713067,0.0,2310.1926855538177,Owner
House,3,2.0998210401133295,Terrace,0,7.537134489359204,0.21567542315797272,0.14345016356203044,-0.052966689595734286,0.06774062820852286,0.0,0.0,3529.246069380325,Owner
Flat,1,5.758010763540458,Nothing,0,7.452167170236169,0.0,0.14876756542603106,-0.022427705510366946,0.0,0.0,0.0,1816.8030096699085,Owner
House,4,0.1283770737638887,Nothing,0,7.482018749311387,0.2420479577883929,0.1588315718120451,-0.058708236325659545,0.0,0.0,0.0,4278.278477809608,Owner
Flat,4,5.856671229382661,Terrace,0,7.500157310991545,0.0,0.19127300650417334,-0.04197823057784292,0.06539948468212123,0.0,0.0,3774.491125768792,Owner
House,2,1.8997274431331455,Nothing,0,7.501409417812942,0.15490759094720546,0.2534174956884408,-0.040349065814119595,0.0,0.0,0.0,3138.7733026980595,Owner
Flat,4,0.2867731550269619,Terrace,1,7.486498035855623,0.0,0.1730714978933784,-0.07004271360929146,0.11015658628857743,0.15703572057259024,0.0,4507.389949185576,Owner
House,2,4.70564278237165,Terrace,1,7.518685497970425,0.17005818118056762,0.14460945722996557,-0.02023872951390432,0.07186223270390804,0.09818017558556139,0.0,3137.0471159446474,Owner
Flat,4,1.3774752906947654,Garden,0,7.4679713871185225,0.0,0.1448661708698756,-0.05524879270086226,0.16049400073703723,0.0,0.0,3626.825380363902,Owner
Flat,1,2.4453797115747515,Terrace,0,7.495728615449361,0.0,0.1693401178624116,-0.07267235478478534,0.06922741949079168,0.0,0.0,1892.6816500408718,Owner
House,2,0.4200656300335847,Garden,1,7.503608868951357,0.25987002469351894,0.12782767722085325,-0.033904704692887894,0.1471360725873278,0.04590580971232166,0.0,3283.0549868415133,Owner
Flat,1,0.795935672216736,Nothing,1,7.515433165021762,0.0,0.10470519374357762,-0.07695403945373112,0.0,0.05247592170983532,0.0,2141.688633822904,Owner
Flat,5,1.7689472370675288,Balcony,0,7.5213484463426665,0.0,0.13969334338687003,-0.04915456527892616,0.05104141246257686,0.0,0.0,3473.493406287856,Owner
House,7,0.47023214644833844,Nothing,0,7.4662607372448635,0.19450410143838837,0.13337119483046794,-0.05027356989932611,0.0,0.0,0.0,5312.645068609341,Owner
House,4,12.085843649551244,Terrace,0,7.453976574877931,0.21603516945441653,0.1343037528593452,-0.01742313302505266,0.1528356437460212,0.0,0.0,3458.136313614755,Owner
Flat,3,0.030327002961936713,Nothing,0,7.538330304656955,0.0,0.12717105998537243,-0.03575905301360142,0.0,0.0,0.0,2622.8164941690156,Owner
Flat,5,3.306888282559127,Terrace,0,7.509969420359388,0.0,0.07575833588470067,-0.05075080876235432,0.06454377623737598,0.0,0.0,2561.2960246562616,Owner
Flat,2,0.6576524538653421,Garden,0,7.477545403903304,0.0,0.05006206179145542,-0.02546701102399139,0.1309332647578679,0.0,0.0,2374.2010408294423,Owner
Flat,1,1.8385284366564467,Balcony,0,7.546534559265676,0.0,0.26120492395657086,-0.008293773529480603,0.024305052877724036,0.0,0.0,2358.5546368161495,Owner
Flat,4,13.022476861313057,Garden,0,7.503470239028786,0.0,0.1453195468578783,-0.03326569080944414,0.14036271701646263,0.0,0.0,2220.2989585439714,Owner
Flat,3,0.8818637500620277,Nothing,0,7.535378915521915,0.0,0.1421065420865483,-0.049689421404698585,0.0,0.0,0.0,2937.6957187294183,Owner
House,4,16.882375513656626,Terrace,0,7.502025554442303,0.2126475983184337,0.16335556404199505,-0.08935508697050479,0.11249338114304358,0.0,0.0,1063.0430856884172,Owner
House,6,1.1520644010807304,Nothing,1,7.56182243774646,0.22516821501408837,0.1251315272986075,-0.08195340989226119,0.0,0.03544553796012086,0.0,4656.686075048175,Owner
House,2,6.765576782451039,Garden,1,7.552660225273296,0.1814824044035923,0.21905427219539492,-0.05915674113064003,0.1610619944195256,0.0784254004227274,0.0,2818.440812463251,Owner
Flat,3,3.9557548382169077,Garden,0,7.492531075545628,0.0,0.17550736803946923,-0.0682853660647785,0.16181391894648753,0.0,0.0,2681.099856122365,Owner
Flat,6,10.79150294663645,Terrace,0,7.52914712852863,0.0,0.09835906933664337,-0.055609139089563386,0.16960122166051778,0.0,0.0,2204.1110686706875,Owner
Flat,3,4.037106024430614,Nothing,1,7.519361278487555,0.0,0.14459609706266452,-0.04830050225308679,0.0,0.09606229098723086,0.0,2584.1303836388533,Owner
Flat,4,3.823852032951791,Nothing,0,7.54105894672597,0.0,0.19259387338742723,-0.034109217369298075,0.0,0.0,0.0,3789.238634908171,Owner
Flat,6,1.0874105401548078,Terrace,0,7.471052296182597,0.0,0.21607243267682658,-0.05211496334177274,0.05353118424839576,0.0,0.0,6428.5058338583885,Owner
House,2,0.908984644486146,Terrace,0,7.5205815437999535,0.2502347730004261,0.14797741670966993,-0.035404950685213946,0.10773927943663543,0.0,0.0,3670.3379199095707,Owner
Flat,4,12.413893644023844,Garden,0,7.5317527346054876,0.0,0.15771740976049473,-0.048065767555696394,0.14842786648267592,0.0,0.0,2245.466704542653,Owner
Flat,7,1.986280959599893,Nothing,0,7.4472378154073064,0.0,0.11710766890051319,-0.10926399699061615,0.0,0.0,0.0,3077.1931760698553,Owner
Flat,3,2.3267305016637416,Nothing,1,7.464502244620027,0.0,0.27108892516598604,-0.07818006181456263,0.0,0.06728802767671463,0.0,3102.207583805452,Owner
House,5,7.131909344466029,Garden,0,7.438823034667197,0.18838700892576798,0.12692139572486233,-0.054322626671648465,0.14813987971901904,0.0,0.0,2500.25112528155,Owner
Flat,6,2.068672142609829,Terrace,0,7.491917794966663,0.0,0.21500586452801823,-0.08629084228523323,0.06723509101845732,0.0,0.0,6123.476388578221,Owner
Flat,5,15.18928043359221,Garden,1,7.521526267673879,0.0,0.16066997636725844,-0.03200213810011387,0.13900478938895844,0.10056548868834543,0.0,3095.997499790991,Owner
Flat,4,6.69567561186252,Nothing,0,7.545070711562881,0.0,0.15728025126936745,-0.004077475029689082,0.0,0.0,0.0,3326.0301361930324,Owner
Flat,3,4.549422013624883,Garden,0,7.502222843412593,0.0,0.15077113716097487,-0.013437144449080507,0.12226602035611336,0.0,0.0,2902.393576486006,Owner
Flat,5,10.638755849505417,Nothing,0,7.548858466367139,0.0,0.12679137609146934,-0.056403286127906245,0.0,0.0,0.0,1975.6905617884993,Owner
House,4,0.254392735453842,Garden,0,7.458596956253554,0.18928912397580172,0.11876614760703913,-0.005278215894501441,0.14178020754512086,0.0,0.0,3904.5857344095857,Owner
Flat,7,1.4857180746479344,Nothing,0,7.448898526819345,0.0,0.1254368115182798,-0.045539976283936655,0.0,0.0,0.0,3942.3215061000164,Owner
Flat,2,3.1277822441201364,Nothing,0,7.498333569033101,0.0,0.12040476155336216,-0.060112579133541184,0.0,0.0,0.0,1844.3143822798736,Owner
Flat,3,1.2872423406502642,Nothing,0,7.511521963468179,0.0,0.17457280731038552,-0.0684020799062282,0.0,0.0,0.0,2713.4975870802955,Owner
House,2,6.811037704843597,Nothing,0,7.499019157557178,0.20149321061542882,0.13931048626109452,-0.05907409059464385,0.0,0.0,0.0,2037.959063809696,Owner
Flat,3,12.579388563121466,Nothing,0,7.437976736998804,0.0,0.08529356260975247,-0.06164530455623687,0.0,0.0,0.0,1015.9366844483555,Owner
Flat,4,2.756243002811302,Garden,0,7.497326398814616,0.0,0.23351811107900491,-0.04488751332873537,0.14522864368799845,0.0,0.0,4532.4976186370895,Owner
House,4,2.0937594394579033,Balcony,0,7.460865914984854,0.22096485260607607,0.19377521368398165,-0.04518278056850407,0.03157030567711117,0.0,0.0,4219.66642349147,Owner
House,1,16.292078122504407,Garden,0,7.520090176464901,0.2126291883316817,0.20803522119740425,-0.04990861939539757,0.10450072351737627,0.0,0.0,1264.111987858362,Owner
House,3,2.942606568900544,Nothing,0,7.510997947382905,0.214760565439784,0.2876070776546932,-0.03689185490760951,0.0,0.0,0.0,6983.368871141658,Owner
House,5,3.3574020519313374,Balcony,1,7.471803606410179,0.1842189547199726,0.11831535010583993,-0.014280611756409767,0.008847706122094838,0.10278534703423345,0.0,3920.247267031827,Owner
Flat,3,2.1666220404518963,Nothing,0,7.484583992479899,0.0,0.1430225125498763,-0.021513375936760292,0.0,0.0,0.0,2612.9683179400945,Owner
Flat,6,12.014705925810723,Nothing,0,7.468223594343331,0.0,0.17179968884763974,-0.0945469390534971,0.0,0.0,0.0,1743.125933148636,Owner
House,5,4.207719535815295,Garden,1,7.498119627081805,0.1856348763197479,0.16492944665584175,-0.12661763404705864,0.13233399519783912,0.137971235225941,0.0,3465.899374929185,Owner
Flat,1,7.181092170419446,Garden,0,7.528654269615037,0.0,0.11465005027763236,-0.021970402662821794,0.12488212706850899,0.0,0.0,2042.5397643637302,Owner
Flat,5,8.351428752002452,Garden,0,7.470428218609934,0.0,0.1799629746727911,-0.09100636095246263,0.13176374217972547,0.0,0.0,2449.2283977765455,Owner
House,3,2.0916047719541604,Terrace,1,7.515121395465536,0.18823962080242612,0.12597008580884664,-0.05674296205678051,0.09589013531672626,0.11281583085615055,0.0,3202.3285516089777,Owner
Flat,4,2.843106479415647,Garden,1,7.4840922714488265,0.0,0.12588670206702646,-0.08510339078178078,0.1335519361522477,0.08061318070468591,0.0,2772.936000851,Owner
Flat,3,9.434916819182005,Garden,0,7.476213815032129,0.0,0.15230477411192675,-0.1040594131274006,0.1750000173534092,0.0,0.0,1142.50270442273,Owner
Flat,3,2.2569328491566294,Nothing,0,7.496789089201363,0.0,0.1561694203088092,-0.03375611815385636,0.0,0.0,0.0,2709.778823390149,Owner
Flat,2,7.897821368013675,Nothing,0,7.468942730327419,0.0,0.15523675994908565,-0.027225345190920597,0.0,0.0,0.0,1726.8081223817078,Owner
Flat,3,14.15043858842527,Balcony,1,7.483390520839585,0.0,0.09904761029804748,-0.06729531202180158,0.03903482189044203,0.13001746954128934,0.0,1046.08704708209,Owner
Flat,2,4.880341330162804,Balcony,0,7.464063663222334,0.0,0.19218532892194434,-0.12773126876434732,0.04546102339302433,0.0,0.0,1284.3530807674688,Owner
Flat,3,6.766760571219642,Garden,0,7.558941753987492,0.0,0.13102150438587354,-0.06638733344757448,0.12846243327757195,0.0,0.0,2157.7310375971324,Owner
Flat,2,8.176274405433674,Nothing,1,7.501057906559152,0.0,0.10947563995022586,-0.03824587983792361,0.0,0.09249860456203142,0.0,1799.7889954502161,Owner
Flat,3,9.322929970591488,Nothing,0,7.479008234760222,0.0,0.19508432753760266,-0.09436734706322386,0.0,0.0,0.0,1376.5948444263652,Owner
Flat,7,2.5130749329227053,Garden,1,7.506419397322027,0.0,0.22267587516580006,-0.04449920240662533,0.15582322892860073,0.10780965516313663,0.0,10817.038298324802,Owner
House,5,0.2631206829634183,Garden,0,7.496630158509275,0.16911885475453786,0.1886483881174505,-0.05045929547518987,0.13406357116177203,0.0,0.0,5908.399432850002,Owner
Flat,1,2.5697882107342815,Nothing,0,7.4933709120140035,0.0,0.17895120867521003,-0.03262125501196735,0.0,0.0,0.0,1937.6964630898628,Owner
Flat,3,5.600552078255975,Nothing,0,7.518425001001303,0.0,0.16115295961916024,-0.046412588947575405,0.0,0.0,0.0,2241.720609790553,Owner
House,6,2.99237134411888,Garden,1,7.522725231301419,0.23338065124969776,0.1532180280302986,-0.07919206822644667,0.17044078531328843,0.047544040802854584,0.0,5019.639207473818,Owner
Flat,3,6.910777706523328,Nothing,0,7.484084965571684,0.0,0.09753443471174311,-0.014102854950065268,0.0,0.0,0.0,2091.2900687260158,Owner
House,4,2.207916146263214,Balcony,0,7.4827254527806595,0.246011831297495,0.1439330782749523,-0.0547558871908091,0.02814615134958972,0.0,0.0,3711.655701070024,Owner
Flat,3,5.035785938485179,Balcony,0,7.491748449085451,0.0,0.14118404691954664,-0.05081913618529796,0.05958574012348866,0.0,0.0,2408.0649418686007,Owner
House,2,1.0315538839664775,Nothing,1,7.430942365057932,0.1487792612722116,0.13035378295146133,-0.07799803877219588,0.0,0.1338011541048275,0.0,2906.475135603932,Owner
Flat,5,6.918876416211574,Nothing,1,7.454544268134043,0.0,0.1677632519831137,-0.0632984675357453,0.0,0.06727100709354406,0.0,3018.081457526901,Owner
House,4,3.9449431642658355,Terrace,0,7.541006228023336,0.23707434860020818,0.1497515178839532,-0.07654408142080703,0.10393195558647547,0.0,0.0,3512.4671024940535,Owner
Flat,4,1.1411849327172885,Nothing,0,7.549349031405039,0.0,0.09541234380900021,-0.05518838179770269,0.0,0.0,0.0,2495.783742450629,Owner
House,5,1.725928659983607,Terrace,1,7.492528918813309,0.183551381105282,0.1253955551259992,0.001351254404270301,0.06414118709202267,0.09355236909133795,0.0,5221.028372057675,Owner
Flat,4,6.903723118836989,Nothing,0,7.517296708891673,0.0,0.16369568841111912,-0.0911570342879407,0.0,0.0,0.0,1749.5840434963447,Owner
Flat,2,3.2947069872314065,Terrace,0,7.5093375046363064,0.0,0.0935353678981094,-0.09840684193630223,0.15421589930913657,0.0,0.0,1954.3592331499444,Owner
House,2,1.216931809890208,Nothing,0,7.592366424253657,0.23352196447707385,0.18636154327452778,-0.005864890175191748,0.0,0.0,0.0,3417.9858090237885,Owner
Flat,3,17.097497802627043,Nothing,1,7.533587247343037,0.0,0.1497073690353778,-0.05627971031455599,0.0,0.14187051432369868,0.0,1250.142085608518,Owner
Flat,3,6.278524304898707,Garden,0,7.496162472255577,0.0,0.14881197886495734,-0.07007218215979749,0.12190480875631211,0.0,0.0,1859.440157810104,Owner
Flat,2,15.748478650852594,Nothing,0,7.471333786781988,0.0,0.15613022688084388,-0.01880285937811771,0.0,0.0,0.0,1721.0691556568888,Owner
Flat,4,2.7852645215486183,Nothing,0,7.451806610392273,0.0,0.18144002197153591,-0.06816846619210593,0.0,0.0,0.0,3029.8406578041077,Owner
Flat,1,3.2227407989216728,Nothing,0,7.506103909076017,0.0,0.1391113793355585,0.00478029140640808,0.0,0.0,0.0,2161.2690141967473,Owner
Flat,5,11.411717525227878,Garden,0,7.477309477641471,0.0,0.16320320152088716,-0.02966222385982193,0.08285306300025083,0.0,0.0,3015.517045658572,Owner
House,5,3.72272177271802,Nothing,0,7.45733238871207,0.17128547255314872,0.15422838481425086,-0.06463734224437108,0.0,0.0,0.0,3621.074988139776,Owner
Flat,1,6.142675205466503,Nothing,0,7.480602813472724,0.0,0.13118239305472298,0.014719246397965097,0.0,0.0,0.0,2489.9277619970244,Owner
Flat,3,1.452917236831758,Garden,0,7.467553559891568,0.0,0.19247292764641238,-0.06817144769010015,0.16373059758160655,0.0,0.0,3205.1081250053307,Owner
House,2,2.959513840544568,Nothing,0,7.550614249052177,0.2009839098623476,0.1771050885957836,-0.027737138839720794,0.0,0.0,0.0,2889.865063298108,Owner
House,4,0.6588068904692833,Garden,1,7.526449192708483,0.17724513995899793,0.16143358166474792,-0.041021222587805245,0.13500809471545108,0.1084048347645882,0.0,5062.02914100304,Owner
Flat,2,1.1532333715965668,Garden,1,7.4997608207605015,0.0,0.18623575613944982,-0.010947761318036063,0.13421256430447737,0.07571189440235063,0.0,3246.844831065438,Owner
Flat,5,0.004719302819514585,Terrace,1,7.544398324166701,0.0,0.18979420372981753,-0.0031546640981944263,0.10234429188908943,0.11272183133392269,0.0,5946.7210677537905,Owner
Flat,6,0.20028358110546202,Terrace,0,7.502321049229429,0.0,0.16617294421048096,-0.049039875528027,0.12584908373493833,0.0,0.0,5673.214203930708,Owner
Flat,1,18.923389864606172,Nothing,0,7.4741614739601525,0.0,0.1836281901018296,-0.0726025361103855,0.0,0.0,0.0,486.0093132003179,Owner
Flat,2,1.3876930925721453,Garden,0,7.54569372231809,0.0,0.16507297451436115,-0.03620083571182651,0.1542377142026239,0.0,0.0,3016.6948507161487,Owner
Flat,4,5.442973802898314,Nothing,1,7.5161673013105395,0.0,0.16340181333506756,-0.07033146109256319,0.0,0.10019266809432814,0.0,2513.7556367024936,Owner
Flat,7,9.134851765064848,Garden,1,7.468882615370206,0.0,0.15812367715386727,0.010401617425798683,0.1730462164989521,0.08690842328420295,0.0,8425.86201271194,Owner
Flat,3,3.9998823075899823,Garden,1,7.494289839657492,0.0,0.17112219633198356,-0.04590394006751788,0.15646189516368864,0.09671170588222508,0.0,3154.9633378432054,Owner
House,3,0.8311260055428343,Garden,0,7.473731452398457,0.19749686090628918,0.1155542820000729,-0.06095964653936326,0.1652480591902377,0.0,0.0,3659.4009452447494,Owner
House,3,6.511906913898305,Terrace,0,7.4585160080710695,0.1565106434090441,0.19303197412476622,-0.04445959082405275,0.058420361728030064,0.0,0.0,2689.147603597502,Owner
Flat,4,4.584597273639555,Nothing,0,7.507721997760341,0.0,0.15871259047114777,-0.06688556606620126,0.0,0.0,0.15753149753292794,2848.285942503901,Agent
Flat,4,6.569879462315672,Nothing,0,7.47274555701658,0.0,0.14307034493010456,-0.08528890378155908,0.0,0.0,0.18964664874018095,2239.2648912613986,Agent
Flat,3,7.342874683334662,Nothing,0,7.4886449068182355,0.0,0.21747819120031386,-0.026781223637146682,0.0,0.0,0.13322147180769967,3122.915720398772,Agent
House,2,18.527151877392395,Garden,1,7.483952532036733,0.21381018351648792,0.10761500212457237,-0.04480020813925528,0.11928164040511668,0.08563746586743247,0.23069979627525394,1860.2127649239217,Agent
Flat,3,4.2614564678911675,Terrace,0,7.525742200382148,0.0,0.21213994981179574,-0.06561963042452541,0.06824400657729802,0.0,0.12866403003370944,3085.7153506862455,Agent
Flat,4,2.0900253745108897,Terrace,0,7.487609700530558,0.0,0.15966406355135024,-0.10988883669550625,0.12222772989543026,0.0,0.11478316879889595,3320.0188035614033,Agent
House,2,5.227223694802879,Terrace,0,7.514945657534619,0.15166296748885427,0.1665872423268347,-0.08088316309392315,0.11914676140235855,0.0,0.1379266447739154,2526.089537687898,Agent
House,4,0.35447720063107563,Garden,1,7.560305977427159,0.20745334726402057,0.14567736345953552,-0.006098692571381223,0.16809842047671486,0.08535174790180788,0.12438248105690575,5892.542750561819,Agent
House,2,11.384456046852655,Nothing,0,7.53788584633553,0.19040540498615863,0.1506395926182155,0.008929289138669874,0.0,0.0,0.13853843460088533,3700.383894093931,Agent
Flat,2,0.6356511128522884,Terrace,0,7.486823554293971,0.0,0.1584489434553873,0.0029731954454246257,0.1534332757521682,0.0,0.15872384678749724,3379.979062888944,Agent
Flat,2,1.9863154680455146,Nothing,1,7.489606863210341,0.0,0.14179436367382264,-0.042138058960221526,0.0,0.07491237682739992,0.1575211049526544,2556.3499532907545,Agent
Flat,7,8.457183384991586,Terrace,0,7.513659589786718,0.0,0.16224159409262373,-0.08594681013145869,0.09257972436335174,0.0,0.11936722706221727,3562.0018827810395,Agent
House,7,4.547970749700628,Garden,0,7.449940118789591,0.2378812662516686,0.100677084874677,-0.07036796165498564,0.16394187809655536,0.0,0.10432345944806395,3857.926129293733,Agent
House,2,2.501370110125041,Nothing,0,7.474137435149705,0.20368046010774318,0.15209654950173018,-0.02731796171543842,0.0,0.0,0.1064731492820442,3007.74906809374,Agent
Flat,6,3.2069087522927227,Garden,0,7.514787325443712,0.0,0.10116600711310164,0.019807780942067907,0.17383538184322217,0.0,0.10332882336075781,4728.32039932291,Agent
Flat,5,9.639524859532234,Nothing,1,7.496270598115635,0.0,0.14571592150307175,-0.026116667052392833,0.0,0.09792746220023502,0.12728835338398817,3431.733606747466,Agent
Flat,4,2.0776104476451933,Nothing,1,7.5580540886220104,0.0,0.23127282888426048,-0.05006303396341545,0.0,0.13473127780760724,0.11589056736084857,5474.197481218684,Agent
House,3,10.18764860296911,Garden,0,7.481446720350468,0.18725671739202698,0.11001990016112298,-0.045712818172352364,0.16250752391133033,0.0,0.17461712953248038,2583.005949400362,Agent
House,3,0.4613135107966414,Nothing,0,7.468594830413548,0.16618331117841806,0.20019089889827954,-0.08695387726245543,0.0,0.0,0.16260347969428096,4545.15378525163,Agent
Flat,1,7.498400233730234,Terrace,0,7.473311472340194,0.0,0.1383366926008269,-0.09260282899241662,0.08756378121786891,0.0,0.10684757496411697,1090.0732168318557,Agent
Flat,3,9.404515398126733,Garden,0,7.500421216115914,0.0,0.14267833244345282,-0.07037084033476038,0.2085275629452625,0.0,0.1818939843416579,2014.5039032196196,Agent
Flat,3,1.0033502446510931,Nothing,0,7.495175109415026,0.0,0.1399825918323826,-0.05395384775584017,0.0,0.0,0.16203607842098966,2952.31955437239,Agent
House,3,2.813635272805919,Garden,0,7.566910789464958,0.21181695092122232,0.1910655450182519,-0.08142712743634038,0.17277194659106335,0.0,0.17798407322269807,4898.41160855347,Agent
House,2,0.9046113292735315,Nothing,0,7.488026528444235,0.1606765483262516,0.13205690162725015,0.001386794220022601,0.0,0.0,0.18088209670295655,3343.107346956121,Agent
House,3,6.131162431452706,Nothing,1,7.501633336900937,0.2398660554846948,0.14724897539452136,-0.07487637052298912,0.0,0.05915949512266924,0.11942130444319636,2687.98507997523,Agent
Flat,5,3.8323302075369785,Nothing,0,7.526525454455854,0.0,0.16697028890041293,-0.05616767103917858,0.0,0.0,0.1178833203594761,5446.299186535861,Agent
Flat,5,5.043720997085616,Terrace,0,7.496760583159712,0.0,0.06175164142350538,-0.07594799822942216,0.07747047478853301,0.0,0.185195551444615,2064.8263259693404,Agent
Flat,5,1.093809367976864,Terrace,0,7.5166682095275545,0.0,0.14735666925371751,-0.08467478783742767,0.13282124535393644,0.0,0.16596187946950594,4715.756747459345,Agent
Flat,4,1.189673655168473,Nothing,1,7.511847199078505,0.0,0.15796186320201624,-0.0737410004951032,0.0,0.12430376170681376,0.20841307478660503,4531.464508886479,Agent
House,3,0.211914631066632,Garden,0,7.525116150679419,0.16407823366909208,0.08619229707703498,-0.0007346638247828219,0.18307305374637353,0.0,0.1286556311448919,3955.665080681364,Agent
House,3,1.9435380271816012,Terrace,0,7.457763654888103,0.19599996760991129,0.18622219833428535,-0.03263515934086836,0.13301532544377392,0.0,0.1419687388253025,4676.9872159266115,Agent
House,1,4.102002026184067,Terrace,0,7.524235482409047,0.19451677324362088,0.1346401286528337,-0.05005406710113642,0.05184434717956171,0.0,0.15595891840131582,2909.4754037219623,Agent
House,3,9.757349871303202,Garden,1,7.49585149066077,0.21251079894995606,0.2088463178028961,-0.05716367664280909,0.12461917884354101,0.08447113955324274,0.175666568455219,3249.861263093588,Agent
Flat,5,5.496974686168278,Terrace,0,7.5056153575600195,0.0,0.1407701254375335,-0.013321037312070842,0.11140288648940089,0.0,0.13008558147281124,4431.534986334537,Agent
House,3,2.858156256583508,Nothing,1,7.488400255934598,0.14538390982808383,0.1637157283938741,-0.04171724230661357,0.0,0.16834757247409946,0.13723411426336463,4023.618864266914,Agent
House,7,15.300832869321738,Nothing,1,7.5497714618937595,0.185402259039479,0.17259274660975127,-0.05861321222154402,0.0,0.1563353927384784,0.15025653773338357,4456.263627969579,Agent
House,3,6.351367952496542,Garden,1,7.438587926067225,0.2123404870290078,0.16740391018885775,-0.03699302716156471,0.14762337006146842,0.08022145733728406,0.12192293926003178,4029.23568520184,Agent
Flat,3,13.308114335561378,Garden,0,7.5419795095891855,0.0,0.1134992873704672,-0.07895054514895458,0.18497864822799973,0.0,0.13019247739961703,1298.7056801762915,Agent
Flat,1,3.749518681013277,Garden,0,7.479629786363934,0.0,0.1426851818677189,-0.06246876740831305,0.10433869208416904,0.0,0.14635071063808144,2064.625224872522,Agent
Flat,1,1.4981273910731716,Nothing,0,7.545869554037878,0.0,0.20577778785961048,-0.009805228914976316,0.0,0.0,0.1453387348322175,2877.424718512306,Agent
House,6,0.27136594599265473,Garden,1,7.536636478897604,0.21558811846562012,0.13426739989185563,0.008376184073036932,0.20042281935500228,0.0647694508560635,0.13431068436166513,7507.45023007605,Agent
Flat,4,6.474684487511171,Nothing,0,7.530449655503481,0.0,0.29714633468913465,-0.08143636220685102,0.0,0.0,0.14605610434567254,3697.5771984706266,Agent
Flat,4,0.6465757417544264,Garden,0,7.524843899470491,0.0,0.1791261587625456,-0.055758993418,0.10759928708623434,0.0,0.17818034626747595,5259.733820823244,Agent
Flat,1,1.8032364611878846,Nothing,0,7.567988781246306,0.0,0.19944477034509606,-0.04400540414286198,0.0,0.0,0.1557668989580311,2679.8791480759246,Agent
Flat,3,3.8014685153209693,Balcony,0,7.482151329895997,0.0,0.14841805637039962,-0.05434515362475516,0.046391465005016785,0.0,0.11091903529459723,2503.3035104784553,Agent
Flat,3,4.155344844754279,Nothing,0,7.4825619138741475,0.0,0.1749234546485366,-0.0194036204444158,0.0,0.0,0.18812603429883096,3713.890147002524,Agent
Flat,3,4.588748941236248,Garden,0,7.480323175614484,0.0,0.11808028681586441,-0.08272258895959614,0.19711358559769393,0.0,0.18073662978274513,2269.1974228876925,Agent
Flat,2,0.9091403749788478,Nothing,0,7.527754465600706,0.0,0.12611951408579,-0.03933247196639781,0.0,0.0,0.1015396577293206,2499.585039841012,Agent
Flat,1,2.3880617500038115,Garden,1,7.461025159672475,0.0,0.1971248487473448,-0.024279530582104993,0.1414859535954965,0.09805772853411591,0.11225578775598614,2776.859979256382,Agent
House,5,4.801137694201848,Nothing,0,7.5303350060163226,0.24307866478244305,0.16146196044921332,0.004168843188412902,0.0,0.0,0.15567841048993789,6536.18709988665,Agent
Flat,4,17.502691032642314,Nothing,0,7.491346794517,0.0,0.17094078471594315,-0.08873028067261596,0.0,0.0,0.16466408502891733,914.310007058036,Agent
House,4,6.502990099882648,Garden,0,7.467968608039341,0.22349358312818415,0.3400356597439133,-0.05359574575338658,0.20536846402456269,0.0,0.14885747760141294,9245.892253197615,Agent
Flat,8,12.794085204151129,Nothing,0,7.467671973073309,0.0,0.19027969445985898,-0.04083857990774511,0.0,0.0,0.13078138619214905,5760.7799371173705,Agent
Flat,3,7.181880019041758,Terrace,1,7.476096787109418,0.0,0.1456773215696015,-0.0560891265241027,0.09085597483632428,0.09218055674947379,0.12729190239959734,2185.792506045502,Agent
House,4,4.478973206920344,Garden,0,7.455418722544189,0.24931868830081466,0.1460526895042421,-0.07919723132683454,0.19006090612473517,0.0,0.13459157557009852,3898.5974337381626,Agent
Flat,3,1.0661107153887137,Terrace,0,7.515423862970207,0.0,0.1607787860380942,-0.09200790411042276,0.11274253032213591,0.0,0.1305837088037955,3570.669993759579,Agent
Flat,3,5.493346229838425,Garden,0,7.5255537259332925,0.0,0.16934586649823244,-0.02215939134470773,0.11331607271185992,0.0,0.16468677595894907,3790.330618287936,Agent
Flat,5,4.88258702481846,Nothing,1,7.528760203118203,0.0,0.157960056917349,-0.03266308847866259,0.0,0.15215490100729623,0.15039936609448465,4555.94160640043,Agent
House,8,4.612413946485956,Nothing,0,7.48120547852619,0.21871633115921763,0.12360465337278151,-0.012973956516745266,0.0,0.0,0.1290998971657959,6167.382938281976,Agent
Flat,3,3.364623873466977,Garden,1,7.509237930386266,0.0,0.14106528713046884,-0.07708547200074566,0.07768382107297037,0.10988155954352449,0.1391595011143959,3063.514221654201,Agent
Flat,6,3.7608418601768125,Terrace,0,7.500156170548067,0.0,0.1989464885504787,-0.06639851119677019,0.14000883234680717,0.0,0.10974622171594874,6145.578312585813,Agent
Flat,4,2.035651422110911,Nothing,0,7.520745957229276,0.0,0.12142194597226029,0.002174669015857264,0.0,0.0,0.17873984089197956,3297.2117138930535,Agent
Flat,4,3.6626915446453263,Nothing,0,7.51334586477232,0.0,0.17078486220219427,-0.022609136498969975,0.0,0.0,0.12808841444021912,3825.7675192674865,Agent
Flat,2,1.1004654540075027,Terrace,1,7.502708385974731,0.0,0.18749124190561509,-0.0264013395866857,0.17318205002866244,0.14619475835160745,0.13131797668506834,4117.3447520307955,Agent
Flat,4,8.178252330108547,Nothing,0,7.444249713019797,0.0,0.17298274987639278,-0.031196744200323822,0.0,0.0,0.15058746029495637,3197.143731778103,Agent
Flat,5,1.0276046954361122,Terrace,1,7.495002598682435,0.0,0.11939015175494844,-0.10819792994888686,0.08956299831262761,0.09350576982863137,0.1529132013742569,3983.3048555529717,Agent
Flat,4,0.4439718636719816,Balcony,0,7.503326294404124,0.0,0.13634976738737428,-0.015389516692602058,0.044823776178080435,0.0,0.18524543870379628,4108.543153945354,Agent
Flat,4,2.8656866979984095,Nothing,0,7.479156820679671,0.0,0.2162296663767563,-0.10131768420998799,0.0,0.0,0.15272828228733995,3467.039965168895,Agent
House,3,5.369219460689436,Terrace,0,7.491924733021831,0.2149409806846268,0.13661002091063548,-0.07020694962338674,0.11239637115194973,0.0,0.16507907870891464,3302.014165808574,Agent
Flat,5,2.878748428817034,Terrace,1,7.4610232454996765,0.0,0.20164047416340491,-0.04039132000579007,0.0724699978789191,0.10548712473742727,0.12416424125648148,5743.983212872342,Agent
Flat,5,1.6200302408773828,Terrace,0,7.490366836586922,0.0,0.17276765565892727,-0.0443284856409914,0.10563456184174645,0.0,0.14721287910855474,4970.567740197231,Agent
House,2,4.084163828959275,Nothing,1,7.515176062264814,0.1425302379245404,0.218438223565314,-0.06318433818959332,0.0,0.15142822305503972,0.11589065275896446,3283.488940477312,Agent
Flat,3,2.130908630736617,Nothing,1,7.562671787136119,0.0,0.1437207698807148,-0.050704457738494066,0.0,0.12031660354977418,0.21160669444654207,3564.501813331575,Agent
Flat,3,13.505449163326036,Terrace,1,7.469618722355992,0.0,0.15134865321131197,-0.05312690120300015,0.08648251748216346,0.0790822765505847,0.11306458557384168,1831.5139993812923,Agent
House,3,12.796759337628536,Balcony,0,7.499280777891911,0.20635644042826676,0.06767550752135412,-0.03357818092842936,0.039889314431415974,0.0,0.1475969020961116,2071.424013827638,Agent
House,4,3.4895105363590826,Terrace,0,7.471155928498844,0.1875931588188364,0.11359584752524274,-0.03564330529910699,0.10453862747021858,0.0,0.1334788524242771,3858.709112988908,Agent
Flat,2,1.9866216270422863,Terrace,1,7.497223014331002,0.0,0.15512488742063818,-0.04498766279218594,0.0805788355236505,0.12787435864029167,0.13732620673633938,3226.849212547518,Agent
House,6,6.680524243554146,Garden,0,7.493288037566004,0.22969840751561807,0.06648401064660027,-0.036082266926137155,0.16610505405704207,0.0,0.16102475555269768,3836.4426011303244,Agent
Flat,3,0.18701912957678635,Nothing,0,7.52498676486298,0.0,0.07139761398971159,-0.041821339060079815,0.0,0.0,0.0947351708915214,2651.1852072534234,Agent
Flat,2,3.2195856233439093,Terrace,0,7.529223587351712,0.0,0.12238446160920931,-0.040892207943542855,0.05830142925446859,0.0,0.12716362495461114,2491.533049811261,Agent
Flat,3,2.0498014385587537,Balcony,0,7.504884544730943,0.0,0.14510788270670083,-0.036374619370672004,0.046250190641755055,0.0,0.1306153074731486,3013.984748960245,Agent
House,4,12.662248720822467,Garden,0,7.49656523939687,0.25664123485100265,0.11410347172064773,-0.054303017272365625,0.16329853369669514,0.0,0.13286062332188733,2517.39126255648,Agent
Flat,5,0.060378226400700424,Garden,0,7.5355940529784995,0.0,0.15234755170811484,-0.053662227162790496,0.1741669784115623,0.0,0.1650605964072458,5232.51055157703,Agent
Flat,3,4.023913109115993,Nothing,0,7.505393749525895,0.0,0.07794007707784743,-0.019324849011587174,0.0,0.0,0.13112309646540793,2644.848759934923,Agent
Flat,3,6.748145726709836,Balcony,0,7.545493248529005,0.0,0.13914928221681486,-0.06886334204070958,0.0757395920079043,0.0,0.2053581306472013,2479.5208603717806,Agent
Flat,4,3.3181165307975946,Garden,0,7.450979039411156,0.0,0.13928426002516317,-0.08372054227010563,0.16377760648576462,0.0,0.16436558992563327,2670.005314546164,Agent
Flat,1,0.44635890432634356,Terrace,0,7.553459127029873,0.0,0.13568572288020592,-0.03304347208710587,0.0886504552128577,0.0,0.1742175962308363,2972.663653578164,Agent
Flat,3,17.96083130004628,Balcony,0,7.481468168973384,0.0,0.13354248038083705,-0.035157188136481325,0.08246112557321272,0.0,0.17086125787375384,1843.6375445822955,Agent
Flat,4,3.6491640351242474,Garden,0,7.467408021214237,0.0,0.14838118627127256,-0.017009341552786023,0.16350937358283466,0.0,0.18989854335745923,4088.44556025295,Agent
Flat,1,4.762002620964084,Balcony,0,7.498657400159859,0.0,0.1118081452882186,-0.047548096704402125,0.08275069469763477,0.0,0.1433772161923349,2046.1403470947305,Agent
Flat,5,1.3499297670397967,Terrace,0,7.465088927407552,0.0,0.1546825423561327,-0.04328571922861287,0.08802807087013503,0.0,0.1769750424877554,4714.910625441,Agent
Flat,3,3.303381414942359,Terrace,0,7.517068184850126,0.0,0.16137036517823877,-0.057549344409349584,0.14188642682037136,0.0,0.15577197372495594,3051.142374087616,Agent
Flat,4,2.8031395544308073,Balcony,1,7.4861206843337875,0.0,0.15735318148948757,-0.09389046126222306,0.008957867181388135,0.11335421048092392,0.15612184777093865,3673.103319035731,Agent
Flat,5,0.38924472283941136,Terrace,0,7.508620653144976,0.0,0.14026133944067423,-0.05582917327416946,0.07871567698464144,0.0,0.13259837597300816,4590.799611041574,Agent
House,4,0.5611444314044407,Nothing,1,7.470679838674851,0.18191832648095313,0.14503798076454927,-0.026026787045902642,0.0,0.14458997242863067,0.13873255399719212,5006.182082692775,Agent
Flat,3,9.084540907357626,Balcony,0,7.493326912246922,0.0,0.21347319566081896,-0.04351830028016942,0.021052964449672813,0.0,0.18342312148212397,2844.288360112792,Agent
Flat,4,1.3709998438399396,Garden,0,7.502907953036406,0.0,0.16134352899407955,-0.020005695319115276,0.14354368859992975,0.0,0.23334132563108262,4954.30970249515,Agent
Flat,3,1.0843058312969118,Garden,0,7.494348469533586,0.0,0.14265096517109843,-0.030902839807886592,0.18257212981777254,0.0,0.1691189393711597,3617.5166166510194,Agent
Flat,1,3.5150932302417464,Terrace,0,7.547748064751189,0.0,0.14138601695171152,-0.05436595997559968,0.09937693389694105,0.0,0.16878439408828172,2434.4124960699105,Agent
Flat,2,7.3212174887384,Nothing,0,7.517574324818243,0.0,0.11104692378815842,0.020345747803788283,0.0,0.0,0.15345478588716718,2940.799945530626,Agent
Flat,4,0.3197415758048822,Garden,0,7.506110261760451,0.0,0.18822683235334806,-0.0011566201235256174,0.11945097016347087,0.0,0.13639956785755086,5090.942844020972,Agent
Flat,3,4.299645561570667,Nothing,0,7.4443043789880425,0.0,0.1990781621817119,-0.062082684348608974,0.0,0.0,0.12752627108703535,2690.639177920017,Agent
Flat,4,0.6346827486498934,Garden,0,7.511345683685114,0.0,0.1528227937341688,-0.05213049274803821,0.13013128838414023,0.0,0.09748837145571179,4019.4088567586923,Agent
Flat,2,0.18571183634875682,Terrace,0,7.53708420945515,0.0,0.16921661367447244,-0.0044907999896383125,0.11635067256986698,0.0,0.11929750844481311,3359.8910374851857,Agent
Flat,4,0.2709292223847981,Nothing,1,7.479300845893949,0.0,0.1776151895353302,0.009382144253788104,0.0,0.10890644673285967,0.1663914462598044,4880.200359882636,Agent
Flat,2,8.98378291640906,Balcony,0,7.494049359233648,0.0,0.20289915363059696,0.004030579466009626,0.04481878038012709,0.0,0.1372080435675438,3043.6994155601924,Agent
Flat,2,0.6276601288068672,Terrace,0,7.409227803812322,0.0,0.15005603502289835,-0.08658745571827942,0.07311794022880838,0.0,0.16250380470667064,2583.5274928484228,Agent
Flat,1,0.23101223915072286,Garden,0,7.462631213297648,0.0,0.2126061262474992,-0.03567474273122171,0.14598749133685227,0.0,0.19674717279650394,3286.64858362625,Agent
Flat,5,2.8803765409826503,Nothing,0,7.4374788158546,0.0,0.18053639619032907,-0.0005915001128280126,0.0,0.0,0.15593994775440298,4773.863707757336,Agent
Flat,7,9.289287130413296,Garden,1,7.503123649388779,0.0,0.10762658144376655,-0.048784837207038495,0.17326313164676085,0.12816046848596807,0.15747776144326647,4012.2910205478297,Agent
Flat,5,1.5218248160799044,Nothing,0,7.49549299517786,0.0,0.15060253003342228,0.00020845255256265321,0.0,0.0,0.10888011341912629,4842.411686452595,Agent
House,5,2.738421661806102,Garden,0,7.4968255049066785,0.14059523194682574,0.18041116115697783,-0.049186621527496775,0.14974894833724442,0.0,0.16622394880198998,6606.653501183076,Agent
Flat,5,0.2037065126492444,Nothing,1,7.486891375830724,0.0,0.3273232581290848,-0.03289574371807717,0.0,0.09133904900002587,0.19987588207888873,12288.673638621352,Agent
Flat,4,2.9808148693756924,Balcony,0,7.530574089487957,0.0,0.13840444243709385,-0.062263151517949075,0.09513732618587878,0.0,0.1322815018964206,3347.5835600483247,Agent
House,4,4.309167572435212,Nothing,0,7.463015903210071,0.2095395930512792,0.12748489588126566,-0.062001272445470414,0.0,0.0,0.18928384493442368,3220.380257814063,Agent
House,4,4.230408628003247,Balcony,1,7.497776263851017,0.16285055000396148,0.15965603905979336,-0.06926619813951414,0.02950807054896995,0.09795011523296616,0.15532379521899098,4004.3925985780565,Agent
Flat,3,2.020530351400584,Nothing,0,7.517891675482546,0.0,0.06129815810017661,-0.0484129110983355,0.0,0.0,0.1525762362278564,2197.5644040435623,Agent
Flat,3,1.8955755486777095,Garden,0,7.494618223136062,0.0,0.09294927574247751,-0.07253826581508988,0.18287309618092307,0.0,0.15289659851871137,2958.4918998458406,Agent
House,4,0.5637365377439869,Garden,0,7.49727614796677,0.21539264004806183,0.1715066187246605,-0.005881556429213369,0.10874911395944772,0.0,0.1294705517939348,5678.1451400749065,Agent
Flat,2,2.2848314940464514,Terrace,0,7.475247611132531,0.0,0.1905789124104532,-0.05829017476674458,0.08991236602374394,0.0,0.14826725332742685,2715.705558656234,Agent
Flat,1,0.5239959709907936,Garden,0,7.489950916167129,0.0,0.1848698678842767,-0.03957594469692834,0.1956623768537344,0.0,0.1670020098887923,2818.594862125887,Agent
Flat,5,7.2749209221968485,Garden,1,7.521550524225286,0.0,0.15241927819715048,-0.05653982764510864,0.13866290918388374,0.09886838769286277,0.16674124642522037,4094.437546224187,Agent
Flat,2,16.947475271097957,Nothing,0,7.43941613445964,0.0,0.19998897312206027,-0.011401462253449457,0.0,0.0,0.20112608971220916,2562.981808650718,Agent
Flat,2,17.545214356009524,Nothing,1,7.4952591285290655,0.0,0.22879733366252772,-0.04327096818652624,0.0,0.08353422986819303,0.14008727537312415,1658.1499632708435,Agent
Flat,4,10.015036506594138,Balcony,1,7.482473546157834,0.0,0.15839036240813162,-0.026817378071258217,0.10984747546095372,0.10787462966461202,0.1387459133544027,3741.532888687622,Agent
Flat,6,4.591365343776415,Nothing,0,7.497890805068566,0.0,0.16276996773626323,-0.04158794377168664,0.0,0.0,0.17494614472091877,4951.177839116818,Agent
Flat,5,6.0343131667104855,Terrace,0,7.553195436900782,0.0,0.1993867471904607,-0.006828099583882863,0.05047196899972792,0.0,0.1179978560385337,5776.98846954018,Agent
Flat,4,1.6788030681875032,Garden,0,7.486601121222378,0.0,0.17400646066868736,-0.0518187441142507,0.1731805037972419,0.0,0.12774557243659201,4136.125590235053,Agent
Flat,8,4.981683304268637,Nothing,1,7.544681237358275,0.0,0.1928740342584571,-0.10268451060640245,0.0,0.11508349281304302,0.22797301359284333,8248.730029208029,Agent
Flat,4,3.0408101447615032,Nothing,1,7.533009261641182,0.0,0.15663206021811904,-0.03682801676461786,0.0,0.10682991685979365,0.1566869654884903,4210.603953730344,Agent
Flat,2,3.2890675587788962,Nothing,0,7.500896889538624,0.0,0.13708961857987606,-0.04053226111110449,0.0,0.0,0.15122383353663668,2384.7704972426814,Agent
House,1,7.0894733728686665,Garden,0,7.502613174327498,0.1954794905327571,0.14275704980804746,-0.05630152815687487,0.12999542366710026,0.0,0.1266860334157619,2180.1873172518995,Agent
Flat,4,1.6558600276558297,Nothing,0,7.505437048265748,0.0,0.1262556889213409,-0.059046262470278346,0.0,0.0,0.15647296319611734,3177.7544506870095,Agent
Flat,2,1.9139185224449948,Garden,1,7.475244846084383,0.0,0.035351373112576495,-0.04958666646006104,0.0892232884752889,0.10964155596597308,0.09634029651356782,2378.6393123637586,Agent
Flat,3,12.927512083135063,Garden,0,7.518805163007062,0.0,0.04393189197520368,-0.0464028375687173,0.17134526841132297,0.0,0.1659602501598711,1585.584324120138,Agent
Flat,2,0.28933370772913336,Garden,0,7.481619064587048,0.0,0.1823280987411286,-0.020423563113614596,0.17133670269034929,0.0,0.12296417554467863,3584.2950358831736,Agent
Flat,3,3.3241039241198522,Nothing,1,7.501072270065512,0.0,0.13809263564077728,-0.056363234036731456,0.0,0.1642000304471505,0.1388125115062766,3156.988268567584,Agent
Flat,2,12.19780063549285,Nothing,0,7.434121121655206,0.0,0.15862650003722148,-0.02488982531973384,0.0,0.0,0.19254945742736965,2086.414922821001,Agent
Flat,3,4.7126988129455,Nothing,0,7.474101519320149,0.0,0.1537272976321434,-0.10381579345706754,0.0,0.0,0.10214909137698316,1907.9101057549417,Agent
Flat,5,3.952775611979838,Terrace,0,7.516052980891183,0.0,0.14472210012569384,-0.04101528160846158,0.07366859507495704,0.0,0.17372265271519496,4617.722211002574,Agent
Flat,4,1.4367051812518892,Balcony,0,7.46629610114366,0.0,0.13366286800036112,-0.09415509419261646,0.08721972625156993,0.0,0.13912549989522952,3184.342358149969,Agent
Flat,5,2.102453310392968,Garden,0,7.510018952781641,0.0,0.1451486530072549,-0.02655886429473505,0.13475144730931599,0.0,0.19310187124073078,4704.18136132191,Agent
Flat,2,9.554350962767268,Garden,1,7.48478308634358,0.0,0.14877322282035682,0.025679401284472214,0.17143223571153615,0.16444396385878207,0.14780039614731214,5018.495743212661,Agent
Flat,2,4.096025778827216,Balcony,0,7.529704505133844,0.0,0.1902690316068662,-0.083233461157733,0.004206268900170888,0.0,0.1737590799355473,2366.8649678823876,Agent
Flat,3,3.6153748500393164,Nothing,0,7.537738319066165,0.0,0.12915613670762874,-0.005269906231601694,0.0,0.0,0.1288713310365192,3757.4344816348753,Agent
House,3,0.524468198529216,Terrace,0,7.505328747561437,0.18465599406935526,0.09781542299627853,-0.07182450447497707,0.06646283773026067,0.0,0.15335896640246868,3798.993043749482,Agent
Flat,3,0.08078998311470881,Garden,0,7.499553977506284,0.0,0.2512732608766299,-0.05056477052952067,0.17749395439194143,0.0,0.09845343525179148,4963.873566825431,Agent
Flat,2,16.577647978903975,Garden,0,7.501213083429813,0.0,0.1474363759535244,-0.02401755181756377,0.1650233798483073,0.0,0.16589915891777857,2329.0453805618395,Agent
House,5,2.3659327852463403,Garden,1,7.499356656910682,0.17869614198239994,0.1695738413747168,-0.07422947180169835,0.15853482789047083,0.11379704018065463,0.16353772330725216,6444.899077149808,Agent
Flat,1,4.621779113553947,Terrace,1,7.5357496974898925,0.0,0.0604779755605961,-0.04684648685870813,0.09100520161923246,0.11310320416804968,0.14971172516458706,2312.433108905244,Agent
Flat,7,0.4153597691492223,Nothing,0,7.575145940559073,0.0,0.161569143243077,-0.08114447850605477,0.0,0.0,0.21529082028602142,6925.889491657191,Agent
Flat,3,5.746070464472279,Nothing,0,7.459996166196752,0.0,0.09182660976954629,-0.01681696244114684,0.0,0.0,0.15067132226262656,2409.469564298046,Agent
Flat,4,13.48308223448412,Nothing,0,7.469151820389377,0.0,0.14196886365361966,-0.05920929062825271,0.0,0.0,0.16061892513451537,1708.0474199009038,Agent
Flat,4,4.2861631879595805,Terrace,1,7.540895089922599,0.0,0.1499835700009465,-0.06409337936187817,0.07917596662373391,0.11986172822299247,0.14522558350543913,3363.3865596670557,Agent
Flat,1,0.6740342991521535,Balcony,0,7.465731762195218,0.0,0.14095365178558472,-0.06159829340898083,0.047112051577881287,0.0,0.12196574093527322,2253.994180400148,Agent
Flat,5,4.358039330275023,Garden,1,7.458839236052626,0.0,0.13613964363864672,-0.0768672496145249,0.11026432729807198,0.14076717594352456,0.1764376291238288,3793.517044015903,Agent
Flat,2,7.269595411285781,Nothing,0,7.563461143065495,0.0,0.20286045000964795,-0.055583508222799484,0.0,0.0,0.13991129461823448,2135.4200491933507,Agent
Flat,5,2.6078872281344023,Nothing,1,7.491771753434848,0.0,0.13182997599771268,-0.11007097084381716,0.0,0.10330089374142709,0.1395192562406685,3331.6155551479083,Agent
Flat,2,10.594561744885315,Garden,1,7.492495637299763,0.0,0.1249882955102005,0.006541652189239598,0.18599906112532033,0.13716627758094527,0.1421172327310789,3883.8174225170924,Agent
Flat,3,5.230330982140458,Terrace,1,7.484735088002033,0.0,0.24550480340883202,-0.028040491284551203,0.06258030748499394,0.10406127737867,0.13599142602414754,4204.600113037692,Agent
Flat,4,11.475511708146918,Terrace,0,7.517440221882253,0.0,0.1445526972599367,-0.04884915368739413,0.11229064093426887,0.0,0.1677327990000923,2777.556379655918,Agent
House,2,4.8842566937016505,Nothing,0,7.466006997581668,0.1875082715800711,0.1584677170471279,-0.09781555775305312,0.0,0.0,0.15173235338453128,2115.3099880000423,Agent
Flat,3,0.7037179592046167,Nothing,0,7.553231676737619,0.0,0.20107434123149148,-0.033242561862548675,0.0,0.0,0.19510556965496928,4396.627021740152,Agent
Flat,1,1.853084928372473,Terrace,1,7.52259138972008,0.0,0.16624086085597142,-0.04010030889535596,0.1282274418643576,0.1556627557704377,0.18869616308019388,3226.11663491467,Agent
Flat,4,1.1269487873151105,Terrace,0,7.498445993046963,0.0,0.14479208500887725,-0.07980466911695835,0.1498017193811934,0.0,0.1766909677775288,3480.2543019380837,Agent
Flat,7,11.97495484629651,Garden,1,7.483448832016167,0.0,0.1917137403243749,-0.04882026305905438,0.14165963519970864,0.12397931040313938,0.169461846561557,5767.400509092465,Agent
Flat,4,7.143923467867238,Garden,1,7.5032477082017905,0.0,0.17611218925509112,-0.057661481282347264,0.15369411892758553,0.08744842079256997,0.10011321226992546,3558.296819981917,Agent
Flat,6,5.6412102667967385,Garden,0,7.531319089542732,0.0,0.19346329550519364,-0.13214573827895215,0.15701213742400646,0.0,0.09671591636150158,3934.4332315469987,Agent
Flat,5,1.7902817713168635,Garden,1,7.578523278859087,0.0,0.17437403061840578,-0.04517587835413912,0.19812630354553523,0.03407037456813114,0.17083076797733032,7105.278271838776,Agent
Flat,4,1.0169789661595643,Nothing,0,7.54526305123077,0.0,0.17939364802800062,-0.027292431335982446,0.0,0.0,0.11431425439973589,4628.441843689027,Agent
Flat,2,7.062187429746098,Nothing,0,7.53038707461218,0.0,0.21207040427192667,-0.08554464690947663,0.0,0.0,0.15134255760229057,1927.5958695301363,Agent
House,4,3.213771943366735,Garden,0,7.501291372216421,0.16942615197115643,0.12631028492719992,-0.062265016435028055,0.17211186966533373,0.0,0.16676513052099026,4135.392667943384,Agent
Flat,2,1.2795577295166711,Nothing,0,7.536975138319159,0.0,0.14968673099922059,-0.048231795224395246,0.0,0.0,0.10975991183541271,2589.567840589964,Agent
Flat,6,4.793668871942185,Garden,1,7.489607674771854,0.0,0.14653769625157811,-0.07415833267050888,0.12306138148461619,0.10195212537638525,0.19815262627419855,4426.85385372113,Agent
Flat,5,0.20584908823963646,Balcony,0,7.50995650150319,0.0,0.12961774256720784,-0.04429190096451495,0.02169209827008315,0.0,0.1399728188303151,3975.818754243449,Agent
House,2,1.973889012717029,Garden,0,7.535120877851562,0.23928432670748667,0.15251734156612418,-0.02537157879753401,0.1220705306485802,0.0,0.15723394404370938,4148.271554776509,Agent
Flat,4,3.1607966021174843,Balcony,0,7.5182032107515555,0.0,0.14506634135218544,-0.05079356233312473,0.06702476936526501,0.0,0.17339620441672257,4024.627767918149,Agent
Flat,5,0.800599248605534,Garden,1,7.480059210217051,0.0,0.17375084274970468,-0.05546083009451619,0.18539876808938838,0.1064040312527476,0.1372599837366448,6015.791505593821,Agent
House,2,20.884657736152672,Terrace,0,7.4540167837919675,0.20673775919114387,0.13564717192627043,-0.07847596512537305,0.06750201110179997,0.0,0.13027901884447496,712.6003779848336,Agent
House,3,1.1729020464797122,Terrace,1,7.515044898289577,0.2291319144606508,0.16471736748250687,-0.05922827026461109,0.08576280058438501,0.09189474282813792,0.12448631438705088,4699.6668047758785,Agent
House,2,0.6983402316664269,Nothing,0,7.504039093188747,0.21200941036314755,0.16549491978432337,-0.06955949181016435,0.0,0.0,0.18043385025951347,3405.579957578949,Agent
Flat,4,1.1378596725190913,Garden,0,7.5278996930568125,0.0,0.07764276050321428,0.006491871658445579,0.12625463920011112,0.0,0.16126827242038677,2726.4761987824936,Agent
Flat,5,7.328011245991459,Garden,0,7.501736683852895,0.0,0.11727415413706699,-0.03275831150683823,0.11738472028443336,0.0,0.14461673270496025,3174.03859655503,Agent
Flat,7,2.771325162598201,Garden,0,7.488612490994022,0.0,0.13330509954652378,-0.005224149006259983,0.17403447465494742,0.0,0.13238796607917133,6278.868430807294,Agent
House,3,4.166829443337638,Nothing,1,7.531618593113926,0.18095987603840272,0.16838538152399665,-0.007423787202216994,0.0,0.0775718397824966,0.11692080661364768,4188.099121266224,Agent
Flat,6,0.10616494951648639,Garden,0,7.5298894005925385,0.0,0.20073099538800435,-0.08760321362018408,0.13214679668147086,0.0,0.13066894483098596,8217.271926716725,Agent
Flat,2,0.1751901684096702,Nothing,1,7.436724197458897,0.0,0.186730765450139,0.0039061941645589307,0.0,0.08929679628532354,0.1553120238355938,3261.533038326581,Agent
Flat,1,2.951378748969702,Terrace,0,7.454426531854763,0.0,0.14240426581733098,-0.05273808275860202,0.10788459544884169,0.0,0.0982746211225566,2073.1065976952164,Agent
House,4,8.481934907777898,Terrace,0,7.503895038767324,0.20732428467480474,0.12461556363576426,-0.03409617871991892,0.12999014143642282,0.0,0.125257178448822,3388.1475232342787,Agent
Flat,3,10.824512585782784,Terrace,1,7.498042863967225,0.0,0.1877096108453379,-0.06853043510422806,0.11492028874255777,0.10771477043519571,0.15223624227986346,2353.419020645128,Agent
Flat,4,0.4534902818547664,Garden,1,7.494390448505711,0.0,0.1586967364775742,-0.05153096664159215,0.14419867531571737,0.06016955929827081,0.12177024033756945,5518.598933459778,Agent
Flat,7,3.8648831609652516,Garden,0,7.5247179749472535,0.0,0.13583846107276418,-0.08664222060267951,0.10135235067991899,0.0,0.183043217334825,4565.165695017021,Agent
Flat,6,12.222453618197719,Balcony,0,7.56046495244883,0.0,0.09973013679276704,-0.02220993529859542,0.038813720049288805,0.0,0.21821117271478505,3746.7143332374785,Agent
Flat,6,2.4548923925152417,Terrace,0,7.469056556001177,0.0,0.15191497769152856,-0.05103983020043846,0.059237194109622596,0.0,0.15156142044462978,4208.114652899098,Agent
Flat,7,8.847030824508789,Garden,0,7.497974466711727,0.0,0.17046874483459218,-0.04210463253687133,0.21819394315194238,0.0,0.17918984868758597,6294.53791573652,Agent
Flat,4,0.7175949691092814,Garden,1,7.499238553248091,0.0,0.22564224931232174,-0.07076815809444346,0.15727164706374264,0.11825824480184641,0.1674794930670347,6468.304235975791,Agent
Flat,3,13.69727786285637,Nothing,1,7.506158795844959,0.0,0.15571958863949042,-0.050115344757743235,0.0,0.04246137407091728,0.10573665506416279,1785.1949522677526,Agent
Flat,5,6.960019498419614,Garden,0,7.463290808068927,0.0,0.14387821932709252,-0.05360685645944617,0.21655603544509172,0.0,0.15877697767574608,3498.336880746171,Agent
Flat,3,14.179508158214002,Nothing,1,7.514022896350199,0.0,0.09857585400021554,-0.06117022071692213,0.0,0.0984698571272738,0.10989104353669728,1488.5303599443344,Agent
Flat,5,5.644593109592982,Nothing,0,7.501101030471119,0.0,0.15596199147926162,-0.08960283904775923,0.0,0.0,0.10381802531839734,2639.730654025525,Agent
Flat,1,2.258099703576552,Garden,0,7.56116698094813,0.0,0.13492422367557252,-0.047448598088690966,0.13594310087758862,0.0,0.1402202888472961,2550.5051285386903,Agent
Flat,8,13.917736546059395,Garden,0,7.511544323735362,0.0,0.14831065908047206,-0.015156729508921073,0.1399934555043891,0.0,0.13413994217251046,6571.658250081288,Agent
Flat,2,1.611828451439742,Garden,0,7.478984173347454,0.0,0.15476181764357977,-0.06237281046068167,0.18862099131170623,0.0,0.139712934297239,3139.025842283247,Agent
Flat,5,2.018627026807612,Nothing,0,7.455085358793741,0.0,0.1937401704730059,0.007935246243403755,0.0,0.0,0.14344851961836197,5402.603838743576,Agent
Flat,2,6.033355841550835,Nothing,0,7.4970616585278655,0.0,0.24682686358887346,-0.04396553318840586,0.0,0.0,0.14932885610138072,2682.4783563867672,Agent
House,1,7.247583134383784,Nothing,0,7.477510512196702,0.20770409860891248,0.16165005567426485,-0.020340777283643006,0.0,0.0,0.14566784624517115,2558.8723333796834,Agent
Flat,2,13.253872410029023,Nothing,0,7.487289879349322,0.0,0.17768518038693648,-0.032739859933883494,0.0,0.0,0.12205165279198477,1850.0803621507202,Agent
House,5,1.1458232657080352,Nothing,1,7.510369573766479,0.18824605005461836,0.04566857239323531,-0.06920528283204265,0.0,0.1093258668725531,0.17564071165443498,3545.7657241729926,Agent
Flat,5,7.997389274953654,Garden,0,7.507050534077056,0.0,0.13680952586282333,-0.03722650318264642,0.05576904569147029,0.0,0.1516813638303469,3333.1629587472803,Agent
Flat,3,6.707485617017292,Garden,0,7.5058170155325294,0.0,0.155562689533498,-0.061462692603100666,0.08463975332472035,0.0,0.1812308638247651,2313.917030052686,Agent
House,6,0.3296016770357838,Nothing,1,7.5417678764786675,0.1929940524160373,0.11299227824886629,-0.04144694643623721,0.0,0.06784795611653666,0.18158817199009267,5414.272213800252,Agent
Flat,2,2.448772121701424,Garden,1,7.5122386707923114,0.0,0.17871694356818052,-0.02747990854224117,0.16456958678099015,0.15363591519775893,0.2004276835745716,4273.438140413482,Agent
Flat,5,1.6617618740132432,Garden,1,7.581404407670811,0.0,0.15477760261734713,-0.0720007407312804,0.14245242339231973,0.12020659541063262,0.0936785447562117,5502.662521888945,Agent
Flat,2,1.815552498552928,Nothing,0,7.504840047751245,0.0,0.22435687623358613,-0.014441341867396144,0.0,0.0,0.12396836611221652,3193.8494614639867,Agent
Flat,2,20.35711037339319,Terrace,0,7.487793114290823,0.0,0.22773800872695238,-0.06171412844773818,0.10024750808568979,0.0,0.13305595724372135,861.3128213020071,Agent
House,3,5.1469809991990045,Nothing,0,7.45508719616663,0.2133527806827074,0.1742401574795421,-0.07908045987650177,0.0,0.0,0.190844597755964,3024.865620429412,Agent
House,2,6.323502451526385,Nothing,0,7.460568853588136,0.1863494942587694,0.10281270710719059,-0.04792791768089497,0.0,0.0,0.1785302104016956,2244.497408508262,Agent
House,6,18.77886636113732,Garden,1,7.527204454275075,0.22459196310449514,0.10856476477182286,-0.08014354750056543,0.19256370084158725,0.16893395983368875,0.15743604715422133,1674.8779954423462,Agent
Flat,3,2.3676635051643706,Nothing,0,7.519467969858994,0.0,0.01540233913441258,-0.08353152702408109,0.0,0.0,0.13266088525852232,1792.3017323047425,Agent
Flat,2,8.093406719431021,Garden,0,7.497309038222018,0.0,0.17300704470958694,-0.08728498371306054,0.17785711041548702,0.0,0.16471633573752167,1816.490944105797,Agent
House,3,2.8504986938955605,Balcony,0,7.493268635573547,0.2064543177884432,0.10781897534458332,0.01579389279319958,0.06016160141851182,0.0,0.11217259637969958,4349.164991093839,Agent
Flat,3,10.183200535417038,Terrace,0,7.473371854583927,0.0,0.13964984201753947,-0.026503406859456183,0.13280780662318578,0.0,0.14208044571001477,2606.4469895772136,Agent
Flat,3,0.9962657002461488,Garden,1,7.495008972601215,0.0,0.1259177588466956,-0.03449561027114916,0.15555135267830467,0.06299654780363181,0.14547502572592103,3675.146482562133,Agent
Flat,2,14.752473209791939,Terrace,0,7.503704669223205,0.0,0.14310792186904456,-0.03373666173416079,0.06647601181376267,0.0,0.13422140724537981,1778.3894582901373,Agent
Flat,4,1.2344393254175554,Garden,0,7.439469422973887,0.0,0.20002199098105417,-0.031508637893640196,0.12635136274723824,0.0,0.09552430638023938,4503.591712697092,Agent
House,3,1.974261916458344,Terrace,0,7.521755793214101,0.22812699247947704,0.1920764722697023,-0.014285493207820445,0.08398683533248046,0.0,0.15156517279547665,5122.257869316253,Agent
Flat,4,7.056876044507961,Balcony,0,7.439182684185443,0.0,0.16440863434599115,-0.04109167437005415,0.03732818603459791,0.0,0.1353192573372312,2571.25726117011,Agent
House,4,2.502356588495185,Nothing,0,7.51010934994347,0.2193900859089569,0.14900708842883895,-0.04477554853290198,0.0,0.0,0.11264502377658506,3937.2573322999165,Agent
Flat,4,4.685164055357775,Nothing,0,7.498659050289213,0.0,0.17005407646818113,-0.08616126806291868,0.0,0.0,0.14265317870708125,2659.2041223493293,Agent
Flat,5,2.9400949690668092,Garden,0,7.508762222153426,0.0,0.16750211941734972,-0.07182225441688152,0.08229068362410949,0.0,0.18673309606654045,4728.1094236531735,Agent
Flat,5,6.781152938586439,Balcony,1,7.480545033113133,0.0,0.19517970738221263,-0.037956583902972074,0.03119133994118368,0.11187157651717172,0.17936146929844748,5269.7680733624475,Agent
House,5,1.2959995220950262,Balcony,1,7.5508043474345845,0.20339293302444736,0.16539910771286945,-0.09010771753257521,0.058159908089790574,0.07479589471802964,0.1364297825386679,6231.83334979292,Agent
Flat,4,0.30118154329465263,Garden,1,7.521542774407153,0.0,0.1059238174423244,-0.024998755268234512,0.15905676574103902,0.09919691627888094,0.1256793961874688,4366.6304408263195,Agent
Flat,3,1.782870441360368,Nothing,1,7.519062485143911,0.0,0.1489480493655394,-0.05104872388870669,0.0,0.12148496989464208,0.1193234186778003,3587.910889674126,Agent
Flat,3,3.215205269135781,Nothing,0,7.494631931848591,0.0,0.23174205475321658,-0.06035666290601909,0.0,0.0,0.11898453078701385,2988.3180725344005,Agent
House,5,0.9197346982224508,Garden,0,7.497742369357468,0.1606511175439997,0.12120946843944988,-0.0009879716092954516,0.12513175701284923,0.0,0.1839038202052289,4631.863721025106,Agent
Flat,4,2.190953659796779,Balcony,0,7.526570942625018,0.0,0.16933644930636654,-0.07657275471905262,0.03315025014225649,0.0,0.1459766338543262,3569.8172973183387,Agent
House,3,2.5539866066122805,Garden,1,7.539068721515078,0.2191820256058876,0.1353898313848908,-0.04808998396338686,0.22965771013448144,0.14155524934485014,0.18912214697265053,5475.882261113335,Agent
Flat,2,0.29552305768193454,Nothing,1,7.542005253766593,0.0,0.11406238840090194,-0.06148614963892942,0.0,0.06705494376821178,0.16353447462338988,2981.5853765762863,Agent
Flat,6,4.377030674777809,Garden,1,7.4986083810489355,0.0,0.2180772704822046,0.0008235112018308982,0.16215157602827102,0.10175360362151384,0.1916336245296607,9858.902316183825,Agent
Flat,4,10.785650325194624,Nothing,0,7.501701040451793,0.0,0.14762485624198504,-0.07272906784519763,0.0,0.0,0.1538408202800481,1723.0694743161755,Agent
Flat,4,0.8228576022456812,Nothing,1,7.509932406530456,0.0,0.07834621789781798,-0.0506894340646855,0.0,0.09743759968025426,0.14386375138105711,2933.6169874282414,Agent
Flat,3,4.554128628821411,Balcony,0,7.492146573193852,0.0,0.13658114036626415,-0.06668591807204999,0.09476689690302056,0.0,0.13213161243972402,2485.1522341433624,Agent
Flat,3,5.464232786109861,Terrace,0,7.478722052414759,0.0,0.1886764557363521,-0.034219624296768204,0.0313464986986173,0.0,0.13380868615251765,3141.137681178999,Agent
Flat,1,2.7179036506796725,Nothing,0,7.5049937755659055,0.0,0.12176099264205335,-0.025070699912345347,0.0,0.0,0.17456542644399967,2358.5599886700666,Agent
House,5,6.038190690047156,Terrace,0,7.514199679537981,0.22370418249444352,0.08059282127648706,-0.09321751987762052,0.10824135983856473,0.0,0.15094735839538145,2336.9336861931133,Agent
Flat,3,2.6443670781082584,Garden,0,7.51571112531047,0.0,0.11761799790825316,-0.06223364143388344,0.12000186750089711,0.0,0.15207784097550822,3100.2792823528084,Agent
Flat,3,3.5123251659203096,Balcony,0,7.497733930268539,0.0,0.1602336361142812,-0.042733388279885,0.07777409288395368,0.0,0.11125279613567643,2908.6615098558045,Agent
House,2,0.03690105720673507,Nothing,0,7.48025882834715,0.2391029627057425,0.26834974957056057,-0.03419602257294695,0.0,0.0,0.1474622534917637,3800.3587342267783,Agent
Flat,4,5.883735941515056,Nothing,0,7.514977980397533,0.0,0.11148963312668439,-0.06036645090682619,0.0,0.0,0.11588031682401018,2223.830169115509,Agent
Flat,3,5.413832676009013,Nothing,1,7.512029931958981,0.0,0.10651672233959363,-0.04936920103222921,0.0,0.11790573051124992,0.16412060388934707,2578.617384565409,Agent
House,5,0.19578813781308682,Nothing,0,7.472428592476016,0.20136756478724693,0.13088401853534073,-0.025281135962166277,0.0,0.0,0.18386491884375614,4654.836575894597,Agent
Flat,3,2.2963085135505064,Nothing,0,7.528464877876146,0.0,0.11116358306096194,-0.021251868184876826,0.0,0.0,0.19196373150541515,3047.2919692727223,Agent
Flat,2,19.323751100352617,Nothing,1,7.522794895352917,0.0,0.18732250419302107,-0.1169900819259306,0.0,0.10861873066851636,0.2140657555814546,398.29870507442513,Agent
Flat,5,2.7299895897809288,Garden,1,7.4987439891087755,0.0,0.17363134022249588,-0.05360281203267154,0.14816169347039662,0.14818900640830526,0.15104775316640878,5606.768021479616,Agent
House,1,3.4852278985845384,Terrace,0,7.462372749170187,0.19031583987601122,0.18030524767403464,-0.0643653678531451,0.028427131256135094,0.0,0.20909012233842528,2891.912945279014,Agent
Flat,1,12.035849445762416,Nothing,0,7.46357586489832,0.0,0.14673689181992736,-0.043916356400209425,0.0,0.0,0.15909177646768297,1388.1910200266045,Agent
Flat,4,6.316170830807772,Nothing,0,7.513033641700883,0.0,0.2304696043146992,-0.030743735983213328,0.0,0.0,0.25606832620764675,5170.503629985356,Agent
House,1,4.362208191713996,Nothing,0,7.48423665893548,0.23741021806033635,0.17595528952304304,-0.07322711646775787,0.0,0.0,0.14314859351883785,2588.8218549658204,Agent
House,3,7.9926056234838905,Garden,0,7.4917768093103225,0.1833658625266594,0.21813036096123745,-0.058749772290174244,0.1535462514531218,0.0,0.13474141549528465,3557.9553504458922,Agent
Flat,2,9.988985809830007,Nothing,1,7.4661333382251795,0.0,0.11642560247029787,-0.04612419443631696,0.0,0.05289023792365619,0.09626761063931664,1743.2819057653392,Agent
Flat,3,3.0521992544632415,Nothing,0,7.524697807530942,0.0,0.1716793398036161,-0.0328730943285612,0.0,0.0,0.12478805118584889,3255.0215757051847,Agent
Flat,5,3.222817235449181,Garden,1,7.443246340608444,0.0,0.1885666284823937,-0.07191786772184235,0.17174262679603175,0.11567276522888786,0.14173286625864986,5531.863890736737,Agent
Flat,4,2.439216556819023,Terrace,1,7.498569900273711,0.0,0.1324919444477292,-0.051157414792250874,0.0007253146437570107,0.1233417489094557,0.1544034461800204,3433.278746672402,Agent
Flat,3,17.011911419677435,Garden,1,7.510655856710664,0.0,0.09776798161894282,-0.0853424639319002,0.19408431324144423,0.09341110971707772,0.11410126735091602,876.3947008910252,Agent
Flat,1,5.972856590439909,Balcony,0,7.518358072889188,0.0,0.14630022286141428,-0.05016919790804806,0.0054031494254707935,0.0,0.15386372083881855,1999.3081590340068,Agent
House,4,0.4344554640734276,Garden,1,7.514467586403488,0.23654564976536335,0.1782157812530001,-0.0477894003387103,0.1693033300559661,0.1537759289096807,0.1845365187913687,7782.648892077978,Agent
House,2,9.93739838116295,Terrace,0,7.463414070734843,0.21259364498442918,0.14994263220970716,-0.08646502605127379,0.11240985362747496,0.0,0.21462881453029728,1652.3241786805402,Agent
Flat,6,3.2750192844142205,Terrace,0,7.487625219908094,0.0,0.18931281468798195,-0.019125360861319572,0.07493791111971962,0.0,0.14507001800774616,6488.980464915196,Agent
House,6,0.3561585205662998,Nothing,0,7.477664005650261,0.22320428593577,0.20024012146497908,-0.03159986556642563,0.0,0.0,0.14184617741387284,8780.153447948469,Agent
Flat,3,3.9893978583499825,Nothing,0,7.4648371036053005,0.0,0.15192197079139066,-0.0775153454737825,0.0,0.0,0.13612740954854743,2338.1045707018498,Agent
House,6,2.699249572296216,Nothing,1,7.447191706487901,0.20494418963940875,0.02970137512122431,-0.042120946514325866,0.0,0.13994065089704144,0.18543274920203712,3028.090412321582,Agent
Flat,1,10.50841141219809,Garden,0,7.514357368571012,0.0,0.17211517943153232,-0.042183506485475517,0.18115453244503313,0.0,0.20331357686358412,2212.977326011136,Agent
Flat,3,1.1407465688777112,Garden,0,7.535387659077046,0.0,0.16293747052210125,-0.1043890110918462,0.06675675991555999,0.0,0.1304608856158278,3115.6123491939084,Agent
House,4,8.75686860262072,Nothing,0,7.482857527095683,0.17927738826507741,0.11954420143713479,-0.06345621052754759,0.0,0.0,0.14743104095702475,2363.613825889248,Agent
Flat,2,4.078706631177119,Garden,0,7.522997357380704,0.0,0.1840239832737096,-0.04145209092362324,0.17040625911758384,0.0,0.1701407190583439,3298.61468058468,Agent
Flat,2,0.28079029470381955,Nothing,0,7.516098405056348,0.0,0.13215571338206203,-0.09539585667404596,0.0,0.0,0.15010660696110587,2700.6295236827677,Agent
Flat,4,17.85020511355982,Nothing,1,7.472873965770107,0.0,0.1774904937085024,-0.06547829658160953,0.0,0.09936540682622431,0.124865300042528,1394.7549881436798,Agent
Flat,3,3.5935070732554744,Terrace,0,7.496565553034136,0.0,0.14680231753149706,-0.03253816713315874,0.1243649825452444,0.0,0.1920603542832079,3765.517454264017,Agent
Flat,8,1.7186303907754372,Nothing,0,7.50124665937699,0.0,0.15935265517536074,-0.03790318253194798,0.0,0.0,0.12563216713841505,7170.271765946605,Agent
Flat,1,3.1687986608871324,Garden,0,7.522174741537124,0.0,0.07093550422550055,-0.08940399181516431,0.11606282224874792,0.0,0.1506176023547617,1942.8688273127823,Agent
Flat,3,9.754635990236144,Balcony,0,7.503291463021742,0.0,0.10885999799546882,-0.01696214052185678,0.07363498068854088,0.0,0.08391924966252792,2384.476547741935,Agent
Flat,6,1.8185202687856585,Nothing,0,7.447712469050627,0.0,0.128227005791177,-0.03382486156221087,0.0,0.0,0.15442217706176736,4364.52194904666,Agent
Flat,2,1.0701534770501977,Balcony,0,7.554926809414532,0.0,0.16934450482972618,-0.031936553185315034,0.026301345946220894,0.0,0.1657196353872537,2824.4410020662544,Agent
Flat,2,0.690975522387576,Nothing,1,7.511670284637616,0.0,0.14564470050432154,0.018886226242902593,0.0,0.06223919678067031,0.10438302954211509,2959.88786871554,Agent
House,3,1.768108039088484,Garden,0,7.470173334350811,0.22671148735421648,0.15229262734733917,-0.05595704166428125,0.15211000226079507,0.0,0.13739251783250175,4119.210165636671,Agent
Flat,4,7.5717316698802595,Terrace,0,7.453879270605412,0.0,0.13685083437065934,-0.020524170017571577,0.08662319985673574,0.0,0.22354843519687218,3419.278667940802,Agent
Flat,3,3.1897580193027464,Terrace,0,7.473855027791599,0.0,0.14531890964062616,-0.09537163584253897,0.10671433939428904,0.0,0.20870216281886061,2710.9725801779978,Agent
Flat,2,1.2904972825242003,Nothing,1,7.489482565790941,0.0,0.15930574439840578,-0.031739822015890415,0.0,0.13440823681376957,0.156856503843587,3331.159329291423,Agent
House,5,0.9087186165179261,Garden,0,7.479624581397352,0.22248735078291396,0.12003138713503617,0.020979646047731587,0.2116056689399153,0.0,0.13740648544133424,6149.946082667509,Agent
Flat,7,2.0227986642481524,Balcony,0,7.485741073153731,0.0,0.14473581311411304,-0.027021357936047343,0.046426912872703736,0.0,0.15857861965883863,5841.723590872973,Agent
Flat,1,14.060755292789032,Nothing,1,7.469415575569451,0.0,0.16313769791919336,-0.061108691528568904,0.0,0.08888149677122897,0.13951358804843092,1158.3764092970503,Agent
Flat,3,2.10055959878204,Garden,0,7.516664192399536,0.0,0.1858335465108695,-0.09730929950783901,0.05655614864021112,0.0,0.17346256719013767,3091.650694261445,Agent
Flat,3,22.16621058871158,Nothing,0,7.4685481679895345,0.0,0.14453431920922832,-0.06372689772559594,0.0,0.0,0.09291665148186876,691.213240919311,Agent
Flat,3,3.3201798269678733,Terrace,0,7.516166329222517,0.0,0.16952265703621316,-0.037525671952079974,0.08232530613594219,0.0,0.16470027708599358,3579.2318602130326,Agent
House,3,0.9871592316682497,Nothing,0,7.520364369444855,0.20870386834061552,0.09264399785612235,-0.10894762243856765,0.0,0.0,0.1799993988642655,3528.661033582487,Agent
House,3,11.08846734600884,Nothing,0,7.454889362104438,0.24743644863323333,0.15274629877299264,-0.043373279825531144,0.0,0.0,0.13827704998498908,2675.1371040109775,Agent
Flat,3,3.0842222723172408,Garden,0,7.4858281300380085,0.0,0.1383505680423642,-0.0650660096636711,0.16294975874596698,0.0,0.14593561914606423,3067.0603448937864,Agent
Flat,6,6.183708497195263,Terrace,0,7.527278257139837,0.0,0.14664499115210375,-0.07505175375605443,0.07953311388295081,0.0,0.12332133383604642,4790.745183720468,Agent
House,2,20.586505250561608,Nothing,0,7.504734847034515,0.18945350331336733,0.11543341366098493,-0.040213375030310396,0.0,0.0,0.19016407990480003,1373.8732569337178,Agent
Flat,1,0.25738945354293113,Terrace,0,7.525989560125437,0.0,0.11459591935381502,-0.06706114962779253,0.06462732412790576,0.0,0.19491671366172095,2792.9436585721614,Agent
Flat,3,0.5084726612342598,Nothing,1,7.532511214543595,0.0,0.14928436027439812,-0.06781411856562862,0.0,0.0682693185100189,0.16661709936561064,3621.7617009856085,Agent
Flat,4,6.3729911360493645,Terrace,1,7.4661923579144025,0.0,0.15978892288394766,-0.06571561060250225,0.1182704581026967,0.08736526362050119,0.09638907451575265,2868.85520116435,Agent
Flat,5,1.6552100581501072,Garden,1,7.486913216034878,0.0,0.1868269457099488,-0.08204339488352447,0.1532597957135169,0.12712745441391182,0.15276295632551026,6357.097364185431,Agent
Flat,3,1.01855175627672,Balcony,0,7.508679498771468,0.0,0.20641827017142517,-0.04045662922278753,0.06625419663350672,0.0,0.11750358944104199,3998.3852693248496,Agent
Flat,2,0.2007875341000006,Nothing,0,7.491490298816553,0.0,0.16797092022694687,-0.10407344631321981,0.0,0.0,0.1922255571710247,3030.1244720104846,Agent
House,4,0.1104444250936431,Balcony,0,7.509905451771065,0.2190515904581695,0.13831900168260589,-0.044591207808265296,0.05150916035539443,0.0,0.23726615683020957,4949.401521311774,Agent
House,5,7.4468563890961414,Nothing,0,7.543865340484829,0.2213812545299541,0.14412886534229577,-0.03226452974967656,0.0,0.0,0.15555591124103366,4056.2680668497605,Agent
Flat,4,0.7218549460335216,Nothing,1,7.49384540468891,0.0,0.1578038298631562,-0.020407807447837174,0.0,0.13600270024871405,0.18367966500942967,4879.330535745262,Agent
Flat,2,3.1529338476935247,Balcony,0,7.506387222401833,0.0,0.17037676484839154,-0.03723637548464184,0.04123739932111159,0.0,0.12178305011338653,2724.827153900323,Agent
House,3,4.655712567820531,Garden,0,7.49599851912878,0.1790942134404048,0.14915262729007045,-0.012725981331834994,0.0846561644060804,0.0,0.19217074998487277,3951.8695598241084,Agent
House,5,2.796157563870309,Nothing,0,7.438080186285873,0.19767022213077456,0.16276387028067893,-0.08745873471627286,0.0,0.0,0.09157875275193934,4061.53539241091,Agent
Flat,2,0.13740407330152613,Balcony,0,7.474617117848823,0.0,0.13518383946810578,-0.05985282054680093,0.02043408121352828,0.0,0.20641822662991377,2489.598897899989,Agent
House,4,7.650858359617665,Nothing,0,7.49332072891863,0.2451188477349408,0.11433203758531163,-0.0739417821398181,0.0,0.0,0.10548046042924106,2528.107291860603,Agent
House,3,0.0528443945082271,Terrace,0,7.485898242796189,0.1938514060764601,0.144387209565433,-0.10503469409990299,0.044073393753724835,0.0,0.151905075550192,4753.9544338561345,Agent
Flat,5,7.175110418121385,Terrace,0,7.523509693234721,0.0,0.07983885921617286,-0.03562501008377271,0.03993547732062619,0.0,0.14135218278037565,2409.6148053708293,Agent
Flat,2,11.188881188318529,Nothing,1,7.532083759279292,0.0,0.1401188718507462,-0.02620470064335096,0.0,0.12345928681902674,0.13720667424944613,2391.159669439735,Agent
Flat,4,2.83556844461547,Balcony,0,7.478828963166537,0.0,0.14119983167081326,-0.051631631544143575,0.03266966744600829,0.0,0.16418157311798878,3076.8878858919143,Agent
Flat,2,3.834425816125082,Terrace,1,7.531661842884249,0.0,0.2144692781885788,-0.0151118115876695,0.10202635836212544,0.0942913305502673,0.14197552189144064,3527.2296079659104,Agent
Flat,3,3.240710306721102,Balcony,1,7.48389095629284,0.0,0.1365300537915911,-0.05653764380242139,0.019416049811903868,0.12332078069030958,0.12150906631425507,2952.4358015809144,Agent
House,2,2.4649990806133593,Balcony,0,7.508711422720778,0.21253892957917925,0.18695269143470847,-0.06263487154940321,0.09290785186926837,0.0,0.1489212209987311,3668.9691607570494,Agent
Flat,4,10.920657427566516,Terrace,1,7.487749013991091,0.0,0.14389567835153666,-0.03374572422399354,0.12643272135364775,0.07616409704815524,0.1716442934488494,3318.274328360565,Agent
Flat,7,11.218445618418789,Nothing,0,7.459179182658037,0.0,0.19319288678874869,-0.03947517571851169,0.0,0.0,0.18026715704897303,4949.759338503531,Agent
Flat,5,2.045983042331863,Balcony,1,7.476128700704882,0.0,0.20448380500387547,-0.021622285358888584,0.02890384475638118,0.09466433803299756,0.11451465996696468,6165.591823611664,Agent
Flat,4,4.773465701841266,Terrace,0,7.450055427945254,0.0,0.06655096911378675,-0.07044417660894459,0.12006696590014274,0.0,0.16914327459834233,2412.4445519110864,Agent
House,5,13.080151834527406,Nothing,0,7.5239096453239815,0.16839618229502823,0.15434345303623678,-0.093903827096879,0.0,0.0,0.12394096629038867,1973.4684587968836,Agent
Flat,5,16.358548756225147,Garden,0,7.540430470449263,0.0,0.19409846559977323,-0.07725276042901687,0.17603258401815716,0.0,0.14937219831768886,1776.6686824909445,Agent
Flat,3,3.556138669689523,Garden,0,7.526930823181606,0.0,0.17675043183010836,-0.08080015531260955,0.14394176559994953,0.0,0.14479857217928419,3232.094726012824,Agent
Flat,1,3.014931224978737,Nothing,1,7.49045910558184,0.0,0.14317645774398155,-0.039172853515014955,0.0,0.08323814632698252,0.11152701377252044,2058.967898849739,Agent
Flat,2,1.6334612959409631,Nothing,0,7.520793373996272,0.0,0.15843078832984792,-0.027457724829649227,0.0,0.0,0.1204813782653142,2574.714393975996,Agent
Flat,6,15.95531520471371,Terrace,0,7.44119729094685,0.0,0.1352553791890173,-0.01998301730844978,0.05284254241329242,0.0,0.14301160933896323,3582.4375408832348,Agent
Flat,5,0.7705035148056729,Nothing,0,7.530689745472239,0.0,0.15628787206704378,-0.07434768495180623,0.0,0.0,0.16861848513897798,4239.598129450795,Agent
Flat,2,4.335474393463496,Garden,1,7.55550105257226,0.0,0.14713795241512434,-0.061559562409567344,0.19536065251397508,0.1261684517312872,0.12297417575663906,3145.198662134784,Agent
Flat,4,1.6602619653102622,Nothing,0,7.519912334943539,0.0,0.1460285559219175,-0.07111128539994119,0.0,0.0,0.15456134143396827,3001.7198133526754,Agent
Flat,4,1.6356382008261607,Terrace,0,7.484670686346774,0.0,0.1841998890024079,-0.038421632785812926,0.08280479053903479,0.0,0.14596180764099834,3729.9971272020202,Agent
Flat,3,2.5957054025217245,Terrace,0,7.524977108814913,0.0,0.1735083488847608,-0.04405625887823265,0.12157586002355054,0.0,0.1731654814370271,3880.67664542731,Agent
House,2,33.59782080761886,Balcony,1,7.501634694516195,0.21157832390018338,0.2126632582404139,-0.03975719745063794,0.04558951464192039,0.10666671053837629,0.1337325540273175,1230.526641193583,Agent
Flat,4,0.2826734899311677,Garden,0,7.468699189337447,0.0,0.06567398681423976,-0.07422860163397234,0.1030242401147311,0.0,0.11383240324721756,2692.80764607871,Agent
Flat,2,4.3201735964095525,Garden,0,7.4591765165488795,0.0,0.14065707420900336,-0.08122173944490749,0.14890399333697302,0.0,0.2037806050178966,2346.8386636329897,Agent
Flat,1,0.43090674253086986,Nothing,0,7.492991162359097,0.0,0.15493478870467728,-0.05759167020932112,0.0,0.0,0.1529081621371686,2446.0210090386663,Agent
Flat,3,0.8392587362282147,Terrace,1,7.500632608736409,0.0,0.13151369682675318,-0.0822813365805285,0.06905122214062201,0.15319421874461103,0.17849077223910198,3778.5716612269684,Agent
Flat,2,2.895191692672631,Terrace,0,7.422572094663396,0.0,0.1351561327581589,-0.0027742405784085475,0.11847389235924188,0.0,0.10288008349942403,2597.486965379658,Agent
Flat,4,3.57144686309625,Garden,0,7.587285998399067,0.0,0.13428791097802292,-0.03600673948027498,0.15135500388603107,0.0,0.1864777106630773,4469.146052597824,Agent
House,4,1.4973727113287703,Garden,0,7.486636961910713,0.21436800596745492,0.12710846000270476,-0.08687346675758822,0.17961461000843168,0.0,0.15446779934642707,4768.91860144359,Agent
Flat,1,1.9023295238839042,Nothing,1,7.538870947792175,0.0,0.16827169340313977,-0.016399697680915787,0.0,0.09686794958363093,0.1425873177124529,2838.2946304208513,Agent
Flat,3,0.45491638323689626,Terrace,1,7.500736655955829,0.0,0.12334147479120816,-0.05763095126037404,0.062113536594282204,0.07266106722053739,0.12822137231821235,3199.8323189173457,Agent
Flat,2,1.8064262313775978,Terrace,0,7.538011095970693,0.0,0.11142358396419852,-0.047733047769591606,0.12023236181069333,0.0,0.11394525966737964,3112.9399726868264,Agent
House,3,16.989779113062543,Garden,0,7.56647627367382,0.19476798336490408,0.12095375046979456,-0.020174013521774694,0.12540310156997475,0.0,0.1302725227805473,3192.897286951068,Agent
Flat,5,14.475579317476619,Nothing,0,7.483550081568049,0.0,0.18441138780911662,-0.03707939896591658,0.0,0.0,0.17560389163631968,2871.833765104765,Agent
Flat,4,2.0389261636121576,Garden,0,7.489655121896513,0.0,0.12223948109429948,-0.06495587925801716,0.127895791084198,0.0,0.17877257897056295,3736.640549287576,Agent
Flat,2,4.229789715639278,Garden,0,7.517802581060174,0.0,0.1818305587305427,-0.03706141415127826,0.12360743450558681,0.0,0.1680234952613518,2973.342208414073,Agent
Flat,4,12.01730014798798,Terrace,0,7.5293446601234475,0.0,0.16303910608478753,-0.09607569212464775,0.0663991009263791,0.0,0.15607029624626806,1397.5808878668895,Agent
Flat,4,0.031015108309698315,Garden,0,7.506467401486322,0.0,0.1857524377054947,-0.0902990090097781,0.17296086855334167,0.0,0.18460227076009542,5264.429838602889,Agent
House,4,8.321677164334286,Garden,1,7.495054424912063,0.1564820991818272,0.2443937305137685,-0.03273222762844153,0.18972481305461505,0.12900653931115477,0.1890085341883789,6869.741623853114,Agent
Flat,3,14.818218591413173,Nothing,0,7.457964737851988,0.0,0.1908894344219508,-0.052475014460341585,0.0,0.0,0.15047220843525433,1670.3113630676921,Agent
Flat,3,0.4788429631317092,Nothing,0,7.502624348393783,0.0,0.15982965466088297,-0.07888734652731205,0.0,0.0,0.1222494872437743,2681.210633310128,Agent
Flat,3,0.8803915486109798,Nothing,0,7.469098727442627,0.0,0.15063998571271245,-0.0470071057184218,0.0,0.0,0.15516783230045608,2952.2947428314983,Agent
Flat,4,16.188548211409138,Terrace,0,7.5000549996526615,0.0,0.16694549876991874,-0.036853537445590806,0.07615023890680794,0.0,0.1365102271024007,2265.6182208098066,Agent
Flat,2,3.8559776142847406,Garden,0,7.536355483417642,0.0,0.13676969561483307,-0.08078328013169803,0.21043126026630948,0.0,0.1512467922225506,2442.3938535822244,Agent
Flat,4,0.07149185354754567,Garden,0,7.511513685808715,0.0,0.14209085926283815,-0.020526946203095853,0.19796326598457872,0.0,0.1404112493501742,4661.487914096217,Agent
House,1,1.4895510011091286,Nothing,0,7.510453578548092,0.19359913235323137,0.1512227598752548,-0.01658788848167015,0.0,0.0,0.14238131478295263,2808.66164974558,Agent
Flat,3,2.988672977894771,Terrace,1,7.453449212719153,0.0,0.1060719448356591,-0.03320215670166547,0.05529237949659706,0.08039190754313547,0.1401771048062741,2808.582134264976,Agent
Flat,5,5.903054343219857,Nothing,1,7.514377641302301,0.0,0.18647793972638563,-0.08516841457014607,0.0,0.06632932342087441,0.15659340608991168,3633.5677093002428,Agent
Flat,3,6.605537341168576,Garden,0,7.483901842014205,0.0,0.07033662802289728,-0.04404249357482761,0.14552984054425305,0.0,0.10447938720307659,2156.7725078267054,Agent
Flat,6,26.931933342485248,Terrace,0,7.441615300198008,0.0,0.14663350837052974,-0.019755294928336116,0.08120024037291619,0.0,0.10291304417428912,3062.443280649258,Agent
Flat,4,1.6949554269810665,Garden,0,7.53967967462256,0.0,0.16608755822538562,-0.0700116858804759,0.10361596301036237,0.0,0.16318377715466303,4017.1980366007983,Agent
Flat,1,3.8633345619544324,Terrace,0,7.492343735216631,0.0,0.15056362732353154,-0.07356756896174993,0.16146698276833485,0.0,0.17514287005696125,2332.808322673696,Agent
Flat,6,3.810595416972328,Nothing,0,7.501185855458145,0.0,0.1661366253305237,-0.0812695731279702,0.0,0.0,0.1328049357131284,3944.2822225507216,Agent
House,4,2.60139465779218,Nothing,1,7.514157103862339,0.21868828824701791,0.2011835688097818,-0.07630105144283196,0.0,0.12197764668147609,0.13278569596023826,5445.208781183037,Agent
House,4,0.9266016060389448,Terrace,1,7.537754415903274,0.23979464202153758,0.1803398104185983,-0.06788060576951413,0.11246135494802137,0.13015436505788144,0.11525421380245146,6800.857053593063,Agent
Flat,5,18.961556528390346,Terrace,1,7.477352333666742,0.0,0.1358382463361054,-0.033100052928976956,0.10798878855277375,0.13883344016398486,0.13750261964677107,2665.865912012973,Agent
Flat,4,9.597413779439295,Nothing,0,7.543742578956644,0.0,0.12935449501574992,-0.018152205115270707,0.0,0.0,0.18057835609209216,3283.298417962235,Agent
Flat,2,3.4490939120805053,Nothing,1,7.4986507093024475,0.0,0.1523925915471693,-0.0900747496390032,0.0,0.1006642619048106,0.09449176705207714,2369.747862452238,Agent
Flat,4,4.622186913069447,Garden,1,7.4758589798579225,0.0,0.05001364422023495,-0.03380801468613307,0.1501432379329743,0.09160406569118733,0.14384365776218086,2422.6052056474027,Agent
Flat,4,1.2890700112906384,Terrace,0,7.503283642676179,0.0,0.15095052609526954,-0.02912592870107497,0.08585058932272874,0.0,0.1454516454421635,4347.504275802946,Agent
Flat,4,3.9239781378005087,Garden,0,7.480891016815412,0.0,0.04821808261213882,-0.02967555549656531,0.11237249573911173,0.0,0.1384443506664584,2399.113306082802,Agent
Flat,4,5.936727914885518,Terrace,1,7.49690939367811,0.0,0.15765705832442556,-0.018274258489998342,0.06424026199552361,0.10736740089304647,0.11511528339667318,3868.968933245663,Agent
Flat,4,3.6197541789296137,Terrace,0,7.545147986462599,0.0,0.161894057191642,-0.08617645257973794,0.08512461720667297,0.0,0.117773518705278,3205.9485276583914,Agent
Flat,4,23.170508776151685,Terrace,0,7.443264562143907,0.0,0.13709044617982238,-0.08152538462088119,0.11412888384669337,0.0,0.12038494248156224,562.5809495718299,Agent
Flat,4,4.725273074927703,Balcony,0,7.501967013530423,0.0,0.1492237685003232,-0.0202239061165512,0.07506279563508611,0.0,0.18345687625365456,3725.4516135385775,Agent
Flat,2,2.3179111538684225,Garden,0,7.499489371274951,0.0,0.18195834258209212,-0.01939104888197178,0.18260620603652658,0.0,0.1700717857241138,3548.9646947670503,Agent
Flat,2,7.395383301091531,Terrace,0,7.490532845417035,0.0,0.1873224013673851,-0.10087730442527143,0.15791909384031802,0.0,0.1483243504258695,1767.7275854689938,Agent
Flat,5,0.9344348818922593,Nothing,1,7.486015244774131,0.0,0.1499805265785693,-0.07589474901191448,0.0,0.12872416145735555,0.18141625880957984,4678.540124358675,Agent
Flat,2,2.4267301307151667,Nothing,0,7.520412649994052,0.0,0.19656077450415088,-0.02428618465449327,0.0,0.0,0.18667205233932269,2892.913713738905,Agent
House,1,2.1305764427688483,Balcony,0,7.481817317324903,0.22667272601013386,0.1487829675611661,-0.05044354636764367,0.07601948657625672,0.0,0.11484299980353535,2815.806856247665,Agent
Flat,2,2.826471483150584,Nothing,0,7.413159909792529,0.0,0.11833243825979053,-0.025413461991717966,0.0,0.0,0.11961985137515896,2241.710696275791,Agent
Flat,4,7.611253765342133,Nothing,0,7.454709459791382,0.0,0.11153013251455754,-0.04701957960942728,0.0,0.0,0.19114480256320368,2357.9659931656906,Agent
Flat,4,3.309919516937448,Garden,0,7.49070288232007,0.0,0.20371728743769701,-0.030438390031680695,0.14717749945515018,0.0,0.14242786946341227,4770.815469661636,Agent
Flat,5,7.899746297875579,Garden,0,7.527161428787116,0.0,0.11963044435901701,-0.08333088792532495,0.12977636081658425,0.0,0.1485299807246314,2370.7766325366897,Agent
Flat,2,4.29587781246959,Nothing,0,7.516626749604701,0.0,0.15437509983520534,-0.07233681752690646,0.0,0.0,0.1647835812909701,2531.641788441789,Agent
Flat,4,2.0932793851026203,Nothing,0,7.435240360530708,0.0,0.12267001883615658,-0.06971439300692697,0.0,0.0,0.15198024647554365,2744.6549923277285,Agent
House,4,8.30309668864543,Nothing,0,7.516608654253188,0.174309765185552,0.13900488562602498,-0.03895392810911683,0.0,0.0,0.1854243631516605,3250.520352153746,Agent
House,7,1.360944703258735,Nothing,0,7.503226832225977,0.20876277038836458,0.10318417886219486,-0.030297245312065946,0.0,0.0,0.12973528409926366,4868.434039569161,Agent
Flat,2,1.2704820564755195,Nothing,0,7.484164419280333,0.0,0.021679473657029907,-0.04251184941818386,0.0,0.0,0.1631413309858839,2162.690588932421,Agent
Flat,4,3.5109691322508203,Terrace,0,7.484694692387683,0.0,0.14452543000511966,-0.0624903685862514,0.055072222512837665,0.0,0.1506280041526415,3037.7285315786908,Agent
Flat,5,1.5112669074681186,Garden,1,7.517573930680566,0.0,0.1602699029694103,-0.04940286972352266,0.16356324894313284,0.06641804892685434,0.14746448653991198,4768.841368687558,Agent
Flat,2,0.04564286944328279,Garden,0,7.508743432878487,0.0,0.16053490960252376,-0.0563138157882491,0.1878728350305331,0.0,0.16042064665130773,3465.0678257453083,Agent
House,4,5.224848544077591,Terrace,0,7.469683006700976,0.18583867535975757,0.09238210638902267,-0.04862774939588861,0.060291804091991426,0.0,0.17430909019152838,3049.8440546542643,Agent
Flat,4,3.577923359336209,Nothing,0,7.4673311100537685,0.0,0.15559529211296594,-0.03900392576785728,0.0,0.0,0.16278119659956178,3180.937427199506,Agent
Flat,1,2.9486029991851916,Terrace,0,7.503316094725127,0.0,0.0712778902898575,-0.043250351114398934,0.07563329166059823,0.0,0.12887377317943172,2061.7461063148485,Agent
Flat,3,17.05147034953414,Nothing,1,7.555572029265151,0.0,0.17317521549118312,-0.05276804573261209,0.0,0.08071102459217158,0.12776675067630772,1580.1011930583134,Agent
Flat,1,4.233813830778963,Garden,0,7.531506240424889,0.0,0.09904829867023719,-0.08920927103295093,0.225163408903721,0.0,0.16848877287267083,2373.755157697976,Agent
Flat,6,9.954647641652643,Terrace,0,7.517826276989811,0.0,0.16146784528804423,-0.07708647910896374,0.08896352467972685,0.0,0.16360709845752752,2750.190485875715,Agent
Flat,4,0.750919168739037,Garden,0,7.467976370629487,0.0,0.19305848987145896,-0.059457280217413595,0.17162649097586058,0.0,0.19319328675417602,5269.145256391589,Agent
Flat,2,4.210631682170712,Terrace,0,7.475556228940322,0.0,0.1487905360365257,-0.09537759796310122,0.14237910477973095,0.0,0.13671509000159668,2116.363260000779,Agent
House,2,10.123995126788541,Nothing,1,7.51983115086523,0.1923980176916675,0.207797615614659,-0.01935283744321042,0.0,0.10684935436633303,0.16344479782296956,3444.8239409699595,Agent
House,3,4.374613519645215,Nothing,0,7.523992857567875,0.21339406245890247,0.0730413848388167,-0.04229408614940529,0.0,0.0,0.13640283800770153,2478.7267602928464,Agent
Flat,6,6.329492431770306,Nothing,0,7.475730206499932,0.0,0.1509715897780123,0.003609652126372244,0.0,0.0,0.1195567483643396,4797.44757419651,Agent
Flat,4,2.326422452088375,Garden,0,7.494958354170505,0.0,0.11906698380916016,-0.02234192900701201,0.12677074469294494,0.0,0.165316168103952,3613.570395158067,Agent
Flat,2,0.4850304289052596,Terrace,0,7.474848883788818,0.0,0.12773375271775966,-0.040842932947748364,0.09022845908629641,0.0,0.14178836367947026,2982.029323608877,Agent
Flat,2,3.061526685652196,Balcony,1,7.4825975094876815,0.0,0.18239115479488296,-0.029932604998372688,0.022644663342373843,0.07564779208838188,0.20036850832439562,3085.673979369418,Agent
Flat,7,2.5083333998424107,Terrace,0,7.530166194286214,0.0,0.16317119323187246,-0.011021828816346488,0.1074078540221721,0.0,0.14877508218477273,7108.126726285963,Agent
Flat,3,10.089293761294103,Nothing,0,7.491496228209976,0.0,0.17849974850410857,-0.0628727375929429,0.0,0.0,0.12506773282572206,1799.7276784766595,Agent
Flat,3,1.398538445012143,Nothing,0,7.4721116899782425,0.0,0.17133492336830644,-0.04115326390826717,0.0,0.0,0.16384048163771764,3704.6913443908584,Agent
Flat,3,17.016131322534825,Nothing,0,7.455448836840342,0.0,0.07434144517044079,-0.051500410376568016,0.0,0.0,0.13375706881056745,1106.7052561458938,Agent
Flat,3,15.866898233462193,Garden,0,7.4955901381050705,0.0,0.15536865286286664,-0.04472954669952949,0.16003571379568643,0.0,0.14654086201792832,1989.5224726733973,Agent
Flat,3,1.422646193108916,Nothing,0,7.490705298421259,0.0,0.11502242885891714,-0.04296551951982156,0.0,0.0,0.1462036139699631,3003.7816048332397,Agent
House,1,2.1389520327275795,Garden,0,7.5433403773380965,0.18057609555312837,0.19897465115917118,-0.04051564021055333,0.16318109986277157,0.0,0.1481676535037247,3376.1621704935355,Agent
House,2,11.29550877690156,Nothing,0,7.474416222578809,0.17699039106695275,0.15308571427040063,-0.02182355703752951,0.0,0.0,0.15281223413076975,2609.439962254497,Agent
Flat,3,16.99932448348955,Balcony,0,7.471267404857467,0.0,0.18277352820396014,0.002584323423373655,0.047363508429859695,0.0,0.11378378063187963,3652.0445401994784,Agent
House,2,2.9298934269369536,Balcony,1,7.518799253749805,0.19005820993554165,0.14909602434081298,-0.05866301940721335,0.08369782179679823,0.1064164523931059,0.1726903654379828,3198.7302109850166,Agent
Flat,4,1.9356490019428678,Terrace,0,7.506538124642917,0.0,0.13788219431367302,-0.07798507435113142,0.15288184912389174,0.0,0.16998156471013529,3520.1400927568598,Agent
House,6,3.7337315857610225,Nothing,0,7.499821817812366,0.19891586710203754,0.1411120524681173,-0.06287250935049647,0.0,0.0,0.11021167698813449,4713.6039287174945,Agent
House,3,5.820063207231278,Garden,0,7.504830378567001,0.22041798023618991,0.07792870815843407,-0.022723511565198244,0.1235523052698553,0.0,0.1596553430192793,3564.583437544875,Agent
Flat,5,1.5974085897829629,Balcony,0,7.486140536615718,0.0,0.1534111640172183,-0.05262116806478749,0.06708812958731643,0.0,0.16508707402860884,4444.6214964926385,Agent
Flat,2,6.668000560401078,Nothing,0,7.502284257740592,0.0,0.13154904427998082,-0.09070592146641068,0.0,0.0,0.1407517046652584,1506.0353876666782,Agent
Flat,5,0.2651970219359077,Balcony,1,7.522896849561101,0.0,0.1778582191880529,-0.03601288738387545,0.07543318641447921,0.12773798592030922,0.21290457595566636,6848.135594218422,Agent
Flat,5,0.252754654061188,Garden,0,7.466348289202893,0.0,0.14191068153972242,-0.060144706943702456,0.14426658758470534,0.0,0.16926908115484293,4847.2571501633765,Agent
Flat,2,2.4411451790312495,Terrace,0,7.526617515290356,0.0,0.1552448040147801,-0.06299717128260085,0.1371444953011612,0.0,0.20520646391185943,2903.503468708614,Agent
Flat,3,2.1807030768327,Balcony,0,7.532047868548466,0.0,0.1411981921454173,-0.05654554155377792,0.055159517758184284,0.0,0.1686361671968689,3107.726998412872,Agent
Flat,3,1.8963063511938427,Nothing,0,7.484406804766856,0.0,0.18726660481970636,-0.07457026221162144,0.0,0.0,0.18902012771805612,3396.2915808151415,Agent
House,5,3.3767304482344684,Nothing,0,7.586905262080864,0.18537038707273856,0.12422367893952727,-0.058313902606870874,0.0,0.0,0.20259979231413805,4412.316875305937,Agent
House,3,1.9337093032494221,Terrace,1,7.5566035539358465,0.19500392940712952,0.16185209223030844,-0.03076933861457955,0.14768401005665238,0.02608223627715256,0.25481780679735805,5047.33400594958,Agent
Flat,4,1.0675623872149762,Nothing,0,7.448901660795216,0.0,0.11129177210747923,0.010307096405571918,0.0,0.0,0.14753635980420468,3183.0062486092,Agent
Flat,1,1.851476036529416,Terrace,0,7.530590342494463,0.0,0.1570384810707442,0.0007348375876435817,0.13355535283462228,0.0,0.1518801998520924,2906.1576173183735,Agent
Flat,5,18.425288394094434,Garden,0,7.522564121127474,0.0,0.12472950499161821,-0.09769427367277536,0.1022851801117575,0.0,0.11913816019237336,720.6842114905637,Agent
Flat,4,2.6476083621871953,Garden,0,7.467530676932237,0.0,0.1346020249652977,-0.05002481869361129,0.15200301382151793,0.0,0.16329431914908427,3331.7188280766886,Agent
House,2,2.941348899641984,Terrace,0,7.515448546973815,0.2012695233637128,0.14280123492640537,-0.024100394547174126,0.06565848210419828,0.0,0.18160816069843205,3530.9992058261323,Agent
Flat,2,4.296540020920419,Garden,0,7.485884353117388,0.0,0.19625211393310124,-0.02102604714946535,0.23129837457624963,0.0,0.16202880019646448,3505.1655633476234,Agent
Flat,3,20.47395383305034,Nothing,0,7.526874626445028,0.0,0.16759846428492228,-0.06098771777519321,0.0,0.0,0.1761347542467531,1015.4672584033259,Agent
Flat,5,1.3827300555338742,Nothing,0,7.470864466507711,0.0,0.2022715539821892,-0.06696563106185738,0.0,0.0,0.1588467941675516,5316.929968127268,Agent
Flat,3,5.71724463254645,Garden,0,7.470311204079745,0.0,0.14044207968800507,-0.00705683835350078,0.1344103484389561,0.0,0.1857068141606039,3465.916695663097,Agent
Flat,4,6.293635731467112,Terrace,0,7.556636486321789,0.0,0.1572352488584247,-0.014258976288509022,0.1233552115677446,0.0,0.1528368119523998,4358.418273581525,Agent
House,2,4.673857480194014,Nothing,0,7.501165366169798,0.2149725235561535,0.1620265852381339,-0.06986721311579451,0.0,0.0,0.1091028511828957,2497.0815222286633,Agent
Flat,3,0.46374817200398677,Nothing,0,7.523280908808274,0.0,0.14254954696022604,-0.03523306754677122,0.0,0.0,0.1432165747122304,3622.317317302434,Agent
Flat,5,5.64853801523644,Nothing,0,7.529645771489404,0.0,0.14637479966229403,-0.04173672757553919,0.0,0.0,0.10650496283319956,3577.316098552286,Agent
Flat,5,0.3312049731437815,Terrace,0,7.496044326418106,0.0,0.12574439394262302,-0.05151105253175568,0.025076089045440453,0.0,0.17138782881085846,3824.352945099672,Agent
House,5,4.533467781591341,Nothing,0,7.487476104546879,0.2167108896665915,0.13972259526893738,-0.025343677229239577,0.0,0.0,0.1731940155964129,4819.774610316536,Agent
House,2,6.72732043582701,Terrace,1,7.5153380634811615,0.19589317656093105,0.141285870679355,-0.03745674072195166,0.08016012553667509,0.08243646568599744,0.12437360983507802,2916.5460341273783,Agent
Flat,5,1.1847539870973123,Terrace,0,7.553661266411325,0.0,0.17932397723261498,-0.08329734365808629,0.09103928701692167,0.0,0.16654932943865913,5288.12734631833,Agent
Flat,4,9.21385372880897,Garden,0,7.5047588254972615,0.0,0.1756165971405258,-0.09425466897065327,0.1910719183979561,0.0,0.1716196324735433,2144.949568354829,Agent
Flat,3,0.15412010996799702,Garden,0,7.512854856581364,0.0,0.09088112844908353,-0.019777015017985736,0.1731644125181023,0.0,0.1453206646075228,3087.503351138435,Agent
Flat,2,9.283501993670866,Terrace,0,7.494535321284853,0.0,0.16493151642472184,-0.06656358343185839,0.106988325819987,0.0,0.1582990977234594,1712.391696445459,Agent
House,4,3.0839783909849694,Garden,0,7.510445850200591,0.21903294892804476,0.13468161894037792,-0.03056661274234897,0.12728342663583914,0.0,0.14033870067600898,4918.403497010766,Agent
Flat,4,1.2268687309126556,Garden,0,7.48508307009485,0.0,0.10569412922085036,-0.04146949601231825,0.13324758764539124,0.0,0.14940866295350094,3287.3091133151697,Agent
Flat,2,0.7180710980969138,Nothing,0,7.511115784006711,0.0,0.1717494209072658,0.01986222003547103,0.0,0.0,0.1418983590460545,3046.0217245629788,Agent
Flat,6,15.320823037540091,Garden,0,7.529770562111327,0.0,0.15228072450871116,-0.059594538992057695,0.1432691636047417,0.0,0.13629542107137485,2545.0167301350775,Agent
Flat,7,0.3772051576196155,Terrace,0,7.543259913929314,0.0,0.1626861286292364,-0.03268447299973641,0.0805616066080356,0.0,0.11587707030958626,7537.584905965354,Agent
Flat,4,1.1100548392448715,Terrace,1,7.528415116641029,0.0,0.14113797874011344,-0.027071980056754315,0.07265380882675544,0.07103655555259453,0.11325828576890423,4246.011594989466,Agent
Flat,2,2.137191404536912,Nothing,0,7.5139924398312505,0.0,0.1418391175148432,-0.052784292366775516,0.0,0.0,0.12619797025094426,2379.488226222775,Agent
Flat,4,4.841011204494486,Terrace,0,7.559494402560977,0.0,0.17057359639988753,-0.04316741550055619,0.0859752206118849,0.0,0.14119799148463258,3649.7339882692218,Agent
Flat,2,3.9351039017353178,Garden,0,7.498373120927697,0.0,0.13525675241064283,-0.06112148920512339,0.11697415810351919,0.0,0.1760520673078738,2639.535989081997,Agent
Flat,2,0.671335415390899,Terrace,0,7.49489767093333,0.0,0.14948394104679485,-0.05878731908924671,0.09955254830499004,0.0,0.09791074086998706,2873.286296595035,Agent
Flat,2,1.71053630411802,Nothing,0,7.445365682200608,0.0,0.17105425806465951,-0.05208679575344617,0.0,0.0,0.15058397708754062,2623.313808765463,Agent
Flat,2,1.36397893255261,Nothing,0,7.509973329554325,0.0,0.12526751638807337,-0.034330184278098065,0.0,0.0,0.17521067625246398,2853.7527664326026,Agent
Flat,4,1.2010852277966628,Terrace,0,7.520449987783549,0.0,0.20889986107017058,-0.01980212378773022,0.07886174992648642,0.0,0.1505598819798703,4967.37615306119,Agent
Flat,3,2.6478708940377493,Balcony,0,7.533806691599122,0.0,0.18026466208715977,-0.08687302938322955,0.05567798500885343,0.0,0.15213005825216222,2947.6711502001863,Agent
Flat,1,6.08751044529768,Nothing,1,7.496922523311163,0.0,0.12860979092293692,-0.02246156826299694,0.0,0.06447564451553381,0.14907880134158932,2173.3309482543086,Agent
Flat,1,1.226006039278473,Garden,1,7.569998445694363,0.0,0.14180819722186833,-0.03502472370516061,0.1042410981914559,0.07566506565940731,0.09344016593778372,3170.830752851569,Agent
Flat,6,2.283888432115991,Nothing,0,7.526836965053546,0.0,0.15650332012378138,-0.021980157828393236,0.0,0.0,0.1375493802383177,4765.970671433063,Agent
Flat,2,2.479007161768635,Terrace,0,7.468320425994904,0.0,0.19180395973636577,-0.07720623846277413,0.09820331743817616,0.0,0.19618689688856283,2308.905752387727,Agent
House,3,18.744533776833784,Garden,0,7.512088289152979,0.2356841214235166,0.13286121007025062,-0.08172315010283987,0.14772704401118592,0.0,0.23436537472675567,1033.831851469664,Agent
Flat,1,15.468529241937958,Balcony,0,7.499852539078217,0.0,0.13860221899086855,-0.05317219357384401,0.06406506964221179,0.0,0.14356736926588687,1041.172707016075,Agent
Flat,4,8.050630314578598,Garden,0,7.540362907694994,0.0,0.18620585018147226,-0.07333585368289675,0.16905657507537666,0.0,0.18072035888680832,2811.3999533979863,Agent
Flat,2,1.383110110064952,Nothing,0,7.501683550047024,0.0,0.26258347430981055,-0.059819792791970076,0.0,0.0,0.24294742151480012,3697.201475586353,Agent
Flat,2,0.3523125083853791,Nothing,1,7.475261846302805,0.0,0.11286664124240461,-0.05380390934758304,0.0,0.17750205410366937,0.16544925363267654,3076.4349931969546,Agent
Flat,4,1.9056003726596442,Garden,0,7.509779014728859,0.0,0.17450653933682722,-0.0012815635599456865,0.1561619118998012,0.0,0.12838534397807025,5297.409597697617,Agent
Flat,3,1.5516466455118114,Nothing,0,7.483993240256301,0.0,0.15464114145245128,-0.023337051805839074,0.0,0.0,0.1721414424294231,3693.7436754109654,Agent
Flat,2,3.5253478547030976,Garden,0,7.447707067085319,0.0,0.15177263779541153,-0.038983174922009645,0.15682832589081588,0.0,0.19818212406085506,2937.911265332742,Agent
Flat,1,7.5192650862815515,Terrace,1,7.474907726729706,0.0,0.1429275259012797,-0.09751304563428598,0.08500382343109875,0.032896514407842706,0.11014091440623842,1232.8900340636917,Agent
Flat,5,9.771025143988215,Garden,0,7.504784975062138,0.0,0.1434153079037948,0.004838108917635024,0.22281665720145827,0.0,0.13594423247619217,5573.912959580835,Agent
House,1,9.317268389840109,Nothing,0,7.483860720852764,0.19411719021786145,0.16851321374879905,-0.10982395291190311,0.0,0.0,0.15366398274867052,1107.668715596674,Agent
Flat,2,2.2289014774395017,Nothing,0,7.539330430951707,0.0,0.12664493297239365,-0.06501011216371289,0.0,0.0,0.21368685273598675,2317.884718823515,Agent
Flat,3,5.811505350055038,Nothing,1,7.460549296980033,0.0,0.13677257950175464,-0.029615020744010286,0.0,0.12248221845977096,0.17458185257931708,2964.4962747420727,Agent
Flat,4,1.8758983655938077,Nothing,0,7.4769737991368554,0.0,0.22058162059078668,0.020850951379198096,0.0,0.0,0.1432855996383256,4957.631013444791,Agent
Flat,2,0.31419605949613155,Nothing,1,7.470154811454832,0.0,0.1477600586875351,-0.0312716902513766,0.0,0.15078935311833241,0.1008844093838899,2897.547973944069,Agent
Flat,6,6.046020076459111,Nothing,0,7.505141580084355,0.0,0.19696952162930306,-0.062054342700701426,0.0,0.0,0.12422571152595156,4911.846006087264,Agent
Flat,3,0.049380808496267525,Nothing,0,7.541599662835434,0.0,0.21706258816938948,-0.07999019025207826,0.0,0.0,0.16234537328258675,4088.4874091744996,Agent
Flat,5,2.631241279700745,Nothing,0,7.500689379047524,0.0,0.1661106678112085,0.0021362932624568107,0.0,0.0,0.08846312722301904,4601.432276267447,Agent
House,4,1.9977576588575598,Terrace,0,7.494229984169682,0.22189331084585454,0.12224325970469264,-0.06383316893555246,0.09385773849316004,0.0,0.11692885712576839,3661.843314515455,Agent
House,4,5.910690276707358,Garden,0,7.537703282504036,0.15665409333642757,0.15934733932185333,0.006743557385315901,0.1602089208738551,0.0,0.09886598615744359,6840.743241117785,Agent
Flat,5,7.267418715654293,Terrace,1,7.569575459175905,0.0,0.16100426097851284,-0.02750954331652108,0.08493883080244588,0.10160070642234391,0.181698112778958,4327.49431814323,Agent
Flat,3,1.812707995578756,Garden,0,7.511986489370088,0.0,0.0646475917958471,-0.04303691099850504,0.13437250674151005,0.0,0.18346017685968238,2820.022562826263,Agent
Flat,5,8.346656579470675,Terrace,0,7.442067151997959,0.0,0.16496780608302558,-0.030480619881911565,0.08060608560044301,0.0,0.13899666897466953,3549.225096580476,Agent
Flat,3,1.7401107273569383,Terrace,0,7.462388367837862,0.0,0.15222621352110585,-0.014733384287629013,0.1094534544208228,0.0,0.1780318065098279,3585.8084707142903,Agent
Flat,6,2.955899316347989,Nothing,0,7.5164940010217025,0.0,0.16159167511247888,-0.029734783504724884,0.0,0.0,0.16458202973338434,5064.482059525884,Agent
House,4,6.491756753103576,Garden,0,7.511399401038269,0.21143068892545414,0.1875858682874654,-0.1040684581737867,0.13147638144351276,0.0,0.10550535330212882,3155.6915798934588,Agent
Flat,4,5.903238627443741,Garden,0,7.436108898569015,0.0,0.1538129067008665,-0.017030663143500005,0.15764134422293974,0.0,0.1762871742380649,3912.431162474623,Agent
House,4,21.85779696431995,Terrace,0,7.515576330646772,0.20674257324717374,0.13548792957022235,-0.11983784776472642,0.02721886434191982,0.0,0.14610177347339753,353.99648790372,Agent
Flat,2,1.2755002219923774,Nothing,0,7.519351402303014,0.0,0.1348864025734232,-0.04489125392497765,0.0,0.0,0.18059720053185838,2504.6224743422463,Agent
